start_time,lifespan,cores,job_id
7,198,1,27_1
7,198,1,27_2
10,490,1,47_1
10,490,1,47_2
14,427,1,49_1
14,427,1,49_2
19,302,1,53_1
19,302,1,53_2
19,330,1,56_1
19,330,1,56_2
19,299,1,58_1
19,299,1,58_2
19,317,1,61_1
19,317,1,61_2
20,347,1,64_1
20,422,1,66_1
20,584,1,69_1
20,748,1,72_1
20,765,1,74_1
22,181,1,77_1
22,181,1,77_2
22,282,1,93_1
22,282,1,93_2
22,353,1,98_1
22,353,1,98_2
22,446,1,101_1
22,446,1,101_2
22,547,1,103_1
22,547,1,103_2
52,254,1,160_1
80,5210,1,163_1
80,535,1,165_1
80,535,1,165_2
85,405,1,168_1
85,405,1,168_2
85,457,1,171_1
85,457,1,171_2
85,512,1,173_1
85,512,1,173_2
91,451,1,176_1
91,451,1,176_2
91,506,1,179_1
91,506,1,179_2
91,584,1,181_1
91,584,1,181_2
91,499,1,184_1
91,529,1,187_1
91,626,1,189_1
91,728,1,192_1
91,820,1,195_1
91,846,1,197_1
110,940,1,404_1
113,278,1,407_1
113,545,1,409_1
113,569,1,412_1
113,626,1,415_1
113,555,1,417_1
231,189,1,1009_1
231,189,1,1009_2
254,274,1,1031_1
254,274,1,1031_2
263,363,1,1046_1
263,649,1,1049_1
275,2053,1,1052_1
275,2053,1,1052_2
275,2053,1,1052_3
275,361,1,1054_1
275,361,1,1054_2
275,581,1,1057_1
300,420,1,1078_1
300,420,1,1078_2
304,498,1,1082_1
304,498,1,1082_2
304,498,1,1082_3
375,229,1,1207_1
375,229,1,1207_2
454,290,1,1267_1
454,290,1,1267_2
483,450,1,1325_1
483,450,1,1325_2
487,600,1,1328_1
487,576,1,1331_1
487,576,1,1331_2
487,600,1,1333_1
487,600,1,1333_2
487,753,1,1336_1
487,753,1,1336_2
496,188,1,1375_1
496,188,1,1375_2
603,1257,1,1527_1
607,358,1,1530_1
607,415,1,1532_1
607,505,1,1535_1
607,530,1,1538_1
607,530,1,1538_2
607,575,1,1540_1
607,575,1,1540_2
619,4893,1,1543_1
628,587,1,1547_1
628,587,1,1547_2
669,308,1,1577_1
704,305,1,1609_1
707,4476,1,1612_1
715,325,1,1622_1
715,402,1,1624_1
715,453,1,1627_1
715,536,1,1630_1
727,270,1,1636_1
732,570,1,1640_1
738,6452,1,1643_1
738,6452,1,1643_2
738,6452,1,1643_3
738,6452,1,1643_4
738,310,1,1647_1
760,2846,1,1655_1
768,844,1,1660_1
788,224,1,1668_1
788,224,1,1668_2
788,224,1,1668_3
788,224,1,1668_4
788,224,1,1673_1
788,224,1,1673_2
788,224,1,1673_3
788,224,1,1673_4
803,229,1,1695_1
1014,378,1,1957_1
1014,378,1,1957_2
1014,378,1,1957_3
1014,378,1,1957_4
1014,378,1,1959_1
1014,378,1,1959_2
1014,378,1,1959_3
1014,378,1,1959_4
1014,378,1,1962_1
1014,378,1,1962_2
1014,378,1,1962_3
1014,378,1,1962_4
1014,378,1,1965_1
1014,378,1,1965_2
1014,378,1,1965_3
1014,378,1,1965_4
1014,378,1,1967_1
1014,378,1,1967_2
1014,378,1,1967_3
1014,378,1,1967_4
1014,378,1,1970_1
1014,378,1,1970_2
1014,378,1,1970_3
1014,378,1,1970_4
1014,378,1,1973_1
1014,378,1,1973_2
1014,378,1,1973_3
1014,378,1,1973_4
1014,378,1,1975_1
1014,378,1,1975_2
1014,378,1,1975_3
1014,378,1,1975_4
1014,378,1,1978_1
1014,378,1,1978_2
1014,378,1,1978_3
1014,378,1,1978_4
1014,378,1,1981_1
1014,378,1,1981_2
1014,378,1,1981_3
1014,378,1,1981_4
1014,378,1,1983_1
1014,378,1,1983_2
1014,378,1,1983_3
1014,378,1,1983_4
1014,378,1,1986_1
1014,378,1,1986_2
1014,378,1,1986_3
1014,378,1,1986_4
1014,378,1,1989_1
1014,378,1,1989_2
1014,378,1,1989_3
1014,378,1,1989_4
1014,378,1,1991_1
1014,378,1,1991_2
1014,378,1,1991_3
1014,378,1,1991_4
1144,380,1,2237_1
1164,392,1,2334_1
1166,595,1,2337_1
1166,626,1,2339_1
1214,423,1,2428_1
1226,556,1,2464_1
1276,233,1,2612_1
1284,230,1,2634_1
1320,201,1,2693_1
1320,201,1,2693_2
1320,296,1,2698_1
1320,296,1,2698_2
1325,192,1,2712_1
1325,192,1,2712_2
1326,294,1,2739_1
1326,294,1,2739_2
1328,191,1,2750_1
1328,191,1,2750_2
1330,236,1,2757_1
1330,236,1,2757_2
1332,252,1,2767_1
1332,252,1,2767_2
1332,309,1,2770_1
1332,309,1,2770_2
1332,326,1,2773_1
1332,326,1,2773_2
1348,289,1,2819_1
1348,350,1,2822_1
1348,374,1,2825_1
1348,427,1,2827_1
1348,556,1,2830_1
1352,248,1,2835_1
1352,248,1,2835_2
1353,186,1,2839_1
1353,186,1,2839_2
1354,392,1,2845_1
1354,523,1,2847_1
1358,590,1,2851_1
1362,316,1,2856_1
1365,530,1,2859_1
1365,335,1,2862_1
1381,328,1,2878_1
1417,441,1,2913_1
1420,410,1,2915_1
1420,795,1,2918_1
1440,1058,1,2930_1
1440,341,1,2932_1
1440,609,1,2935_1
1440,701,1,2938_1
1440,746,1,2940_1
1440,838,1,2943_1
1440,206,1,2949_1
1440,206,1,2949_2
1483,293,1,2983_1
1483,349,1,2986_1
1483,405,1,2989_1
1483,437,1,2991_1
1483,497,1,2994_1
1487,253,1,2999_1
1487,337,1,3002_1
1487,354,1,3005_1
1487,365,1,3007_1
1487,388,1,3010_1
1487,407,1,3013_1
1487,439,1,3015_1
1489,243,1,3018_1
1489,349,1,3021_1
1489,376,1,3023_1
1489,402,1,3026_1
1492,318,1,3043_1
1504,465,1,3073_1
1509,212,1,3086_1
1522,205,1,3100_1
1522,205,1,3100_2
1527,199,1,3102_1
1527,199,1,3102_2
1528,196,1,3105_1
1528,196,1,3105_2
1528,432,1,3110_1
1532,11702,1,3113_1
1535,228,1,3121_1
1535,228,1,3121_2
1544,192,1,3133_1
1544,192,1,3133_2
1566,247,1,3169_1
1566,214,1,3178_1
1566,214,1,3178_2
1569,203,1,3185_1
1569,203,1,3185_2
1575,250,1,3198_1
1575,250,1,3198_2
1585,294,1,3214_1
1585,294,1,3214_2
1594,276,1,3235_1
1594,276,1,3235_2
1597,236,1,3241_1
1597,236,1,3241_2
1614,270,1,3302_1
1673,257,1,3358_1
1673,353,1,3361_1
1680,536,1,3364_1
1681,344,1,3366_1
1681,499,1,3369_1
1683,230,1,3375_1
1687,393,1,3377_1
1700,527,1,3382_1
1700,578,1,3385_1
1700,657,1,3387_1
1700,705,1,3390_1
1700,815,1,3393_1
1700,826,1,3395_1
1703,1717,1,3398_1
1707,309,1,3406_1
1713,1276,1,3408_1
1713,1276,1,3408_2
1724,234,1,3411_1
1790,190,1,3465_1
1790,190,1,3465_2
1790,307,1,3471_1
1790,307,1,3471_2
1790,353,1,3473_1
1790,353,1,3473_2
1792,294,1,3476_1
1792,294,1,3476_2
1795,256,1,3483_1
1795,256,1,3483_2
1815,182,1,3516_1
1815,182,1,3516_2
1820,200,1,3524_1
1820,200,1,3524_2
1828,237,1,3544_1
1828,237,1,3544_2
1830,335,1,3554_1
1830,406,1,3557_1
1830,464,1,3559_1
1830,227,1,3567_1
1830,227,1,3567_2
1832,342,1,3577_1
1832,184,1,3580_1
1832,184,1,3580_2
1833,214,1,3584_1
1833,214,1,3584_2
1834,301,1,3586_1
1834,354,1,3589_1
1834,274,1,3592_1
1834,202,1,3594_1
1834,202,1,3594_2
1851,225,1,3615_1
1868,260,1,3640_1
1868,660,1,3643_1
1877,191,1,3646_1
1877,248,1,3649_1
1884,221,1,3662_1
1900,259,1,3703_1
1900,354,1,3706_1
1900,365,1,3708_1
1903,451,1,3711_1
1909,496,1,3714_1
1910,388,1,3716_1
1910,434,1,3719_1
1910,553,1,3722_1
1912,564,1,3724_1
1912,203,1,3727_1
1933,300,1,3745_1
1933,388,1,3747_1
1940,219,1,3750_1
1940,219,1,3750_2
1952,364,1,3775_1
1969,181,1,3783_1
1969,207,1,3789_1
1969,200,1,3798_1
1969,207,1,3803_1
1971,200,1,3815_1
1984,318,1,3822_1
1988,557,1,3824_1
1988,746,1,3827_1
1988,911,1,3830_1
1988,184,1,3836_1
1988,198,1,3842_1
1990,207,1,3854_1
2006,786,1,3860_1
2006,190,1,3863_1
2010,287,1,3888_1
2010,461,1,3890_1
2010,292,1,3899_1
2010,201,1,3905_1
2028,194,1,3918_1
2032,252,1,3935_1
2032,252,1,3935_2
2044,323,1,3939_1
2047,280,1,3942_1
2047,280,1,3942_2
2047,280,1,3942_3
2047,939,1,3944_1
2051,761,1,3954_1
2051,233,1,3957_1
2051,352,1,3959_1
2060,393,1,3963_1
2063,481,1,3966_1
2063,830,1,3968_1
2063,863,1,3971_1
2069,338,1,3979_1
2069,205,1,3981_1
2069,373,1,3984_1
2072,684,1,3987_1
2072,796,1,3989_1
2072,906,1,3992_1
2075,253,1,4000_1
2075,253,1,4000_2
2075,253,1,4000_3
2098,344,1,4038_1
2138,213,1,4083_1
2138,190,1,4086_1
2153,351,1,4108_1
2153,360,1,4111_1
2156,207,1,4115_1
2156,341,1,4117_1
2158,271,1,4128_1
2158,335,1,4131_1
2158,338,1,4133_1
2158,375,1,4136_1
2165,733,1,4140_1
2165,828,1,4142_1
2165,900,1,4145_1
2165,306,1,4148_1
2165,321,1,4150_1
2165,405,1,4153_1
2198,193,1,4216_1
2198,205,1,4221_1
2198,220,1,4226_1
2205,540,1,4233_1
2206,797,1,4238_1
2210,187,1,4249_1
2210,204,1,4254_1
2210,219,1,4259_1
2213,473,1,4265_1
2213,473,1,4265_2
2213,473,1,4265_3
2213,473,1,4265_4
2221,183,1,4268_1
2222,199,1,4277_1
2236,344,1,4305_1
2244,510,1,4309_1
2244,206,1,4313_1
2260,181,1,4341_1
2260,181,1,4347_1
2260,202,1,4353_1
2268,180,1,4371_1
2268,188,1,4376_1
2268,193,1,4382_1
2290,186,1,4418_1
2297,196,1,4439_1
2317,191,1,4475_1
2362,181,1,4537_1
2367,562,1,4559_1
2367,687,1,4561_1
2386,396,1,4574_1
2388,211,1,4591_1
2394,700,1,4596_1
2403,189,1,4603_1
2403,192,1,4610_1
2409,198,1,4628_1
2425,201,1,4646_1
2428,188,1,4653_1
2428,200,1,4659_1
2437,824,1,4671_1
2444,215,1,4674_1
2446,230,1,4684_1
2448,187,1,4692_1
2448,232,1,4697_1
2450,280,1,4705_1
2450,300,1,4708_1
2469,240,1,4738_1
2469,285,1,4743_1
2469,748,1,4747_1
2469,723,1,4749_1
2478,610,1,4759_1
2478,646,1,4761_1
2478,789,1,4764_1
2483,399,1,4767_1
2504,246,1,4780_1
2504,271,1,4785_1
2504,282,1,4790_1
2504,296,1,4793_1
2504,297,1,4796_1
2504,302,1,4798_1
2504,276,1,4804_1
2504,291,1,4806_1
2504,272,1,4812_1
2521,279,1,4831_1
2524,277,1,4837_1
2530,207,1,4862_1
2537,187,1,4878_1
2537,286,1,4883_1
2570,5528,1,4906_1
2570,239,1,4916_1
2582,184,1,4924_1
2597,251,1,4935_1
2622,216,1,4952_1
2640,235,1,4973_1
2640,243,1,4978_1
2640,248,1,4983_1
2640,252,1,4989_1
2640,311,1,4994_1
2647,220,1,4999_1
2647,214,1,5004_1
2647,246,1,5009_1
2647,251,1,5015_1
2648,221,1,5020_1
2648,240,1,5025_1
2648,251,1,5031_1
2648,244,1,5036_1
2657,241,1,5056_1
2662,247,1,5062_1
2666,589,1,5079_1
2669,204,1,5081_1
2673,299,1,5092_1
2675,539,1,5094_1
2683,456,1,5102_1
2686,402,1,5107_1
2686,614,1,5110_1
2706,268,1,5126_1
2709,297,1,5136_1
2716,252,1,5139_1
2730,290,1,5149_1
2746,291,1,5169_1
2754,186,1,5172_1
2754,500,1,5178_1
2760,276,1,5184_1
2793,436,1,5223_1
2796,233,1,5226_1
2796,316,1,5229_1
2796,354,1,5231_1
2796,477,1,5234_1
2796,542,1,5237_1
2804,549,1,5246_1
2922,284,1,5388_1
2940,398,1,5406_1
2958,268,1,5438_1
3031,848,1,5474_1
3031,848,1,5474_2
3031,848,1,5474_3
3031,848,1,5474_4
3045,289,1,5486_1
3083,351,1,5510_1
3083,351,1,5510_2
3083,351,1,5510_3
3083,351,1,5510_4
3121,662,1,5543_1
3121,662,1,5543_2
3121,662,1,5543_3
3121,662,1,5543_4
3127,253,1,5553_1
3127,253,1,5553_2
3127,253,1,5553_3
3127,253,1,5553_4
3196,249,1,5638_1
3208,282,1,5647_1
3248,472,1,5676_1
3282,2817,1,5699_1
3282,2817,1,5699_2
3282,2817,1,5699_3
3282,2817,1,5699_4
3333,202,1,5728_1
3359,208,1,5739_1
3404,221,1,5790_1
3432,209,1,5837_1
3448,630,1,5845_1
3448,630,1,5845_2
3451,869,1,5848_1
3451,869,1,5848_2
3456,1331,1,5850_1
3456,1331,1,5850_2
3489,281,1,5889_1
3557,225,1,5933_1
3562,226,1,5944_1
3575,253,1,5960_1
3575,324,1,5966_1
3578,197,1,5969_1
3589,233,1,5977_1
3608,283,1,5992_1
3618,369,1,6001_1
3638,380,1,6016_1
3663,373,1,6042_1
3692,398,1,6075_1
3692,398,1,6075_2
3692,398,1,6075_3
3692,398,1,6075_4
3695,461,1,6078_1
3708,267,1,6085_1
3732,257,1,6106_1
3749,273,1,6123_1
3764,607,1,6139_1
3769,735,1,6145_1
3769,735,1,6145_2
3769,735,1,6145_3
3769,735,1,6145_4
3775,216,1,6149_1
3775,216,1,6149_2
3775,216,1,6149_3
3775,216,1,6149_4
3860,291,1,6205_1
3896,188,1,6233_1
3908,239,1,6238_1
3918,575,1,6247_1
3918,575,1,6247_2
4017,205,1,6406_1
4019,238,1,6411_1
4057,232,1,6439_1
4071,766,1,6445_1
4071,766,1,6445_2
4091,195,1,6463_1
4091,254,1,6469_1
4098,228,1,6484_1
4103,218,1,6493_1
4107,202,1,6503_1
4119,203,1,6513_1
4134,198,1,6538_1
4134,262,1,6543_1
4145,216,1,6558_1
4154,464,1,6575_1
4164,352,1,6580_1
4168,315,1,6583_1
4179,386,1,6588_1
4183,248,1,6593_1
4198,252,1,6600_1
4216,547,1,6614_1
4247,350,1,6636_1
4253,333,1,6643_1
4282,278,1,6650_1
4301,285,1,6669_1
4314,329,1,6677_1
4368,192,1,6726_1
4368,192,1,6726_2
4408,232,1,6742_1
4483,4894,1,6752_1
4483,4894,1,6752_2
4483,4894,1,6752_3
4483,4894,1,6752_4
4483,4894,1,6752_5
4483,4894,1,6752_6
4483,4894,1,6752_7
4483,4894,1,6752_8
4483,4894,1,6752_9
4483,4894,1,6752_10
4483,4894,1,6752_11
4483,4894,1,6752_12
4545,722,1,6763_1
4585,453,1,6772_1
4617,630,1,6777_1
5694,660,1,6967_1
5694,660,1,6967_2
5694,660,1,6967_3
5694,660,1,6967_4
5728,498,1,6972_1
5728,498,1,6972_2
5728,401,1,6974_1
5728,401,1,6974_2
5741,445,1,6977_1
5741,445,1,6977_2
5748,467,1,6980_1
5748,467,1,6980_2
5748,510,1,6982_1
5748,510,1,6982_2
5758,544,1,6985_1
5758,544,1,6985_2
5758,586,1,6988_1
5758,586,1,6988_2
5780,5597,1,6990_1
5978,286,1,7027_1
5978,286,1,7027_2
6002,224,1,7036_1
6002,224,1,7036_2
6003,202,1,7041_1
6003,202,1,7041_2
6005,182,1,7051_1
6005,182,1,7051_2
6023,192,1,7062_1
6023,192,1,7062_2
6026,228,1,7068_1
6026,228,1,7068_2
6060,258,1,7084_1
6060,258,1,7084_2
6074,1188,1,7086_1
6074,1188,1,7086_2
6074,1188,1,7086_3
6074,1188,1,7086_4
6137,316,1,7101_1
6137,316,1,7101_2
6208,662,1,7129_1
6208,804,1,7131_1
6208,885,1,7134_1
6208,1715,1,7137_1
6208,1757,1,7139_1
6213,259,1,7142_1
6213,259,1,7142_2
6219,183,1,7148_1
6219,183,1,7148_2
6229,190,1,7162_1
6229,190,1,7162_2
6286,198,1,7196_1
6286,198,1,7196_2
6286,188,1,7202_1
6286,188,1,7202_2
6299,327,1,7213_1
6299,327,1,7213_2
6299,204,1,7218_1
6299,204,1,7218_2
6327,229,1,7256_1
6327,229,1,7256_2
6327,229,1,7256_3
6327,229,1,7256_4
6327,229,1,7261_1
6327,229,1,7261_2
6327,229,1,7261_3
6327,229,1,7261_4
6327,229,1,7267_1
6327,229,1,7267_2
6327,229,1,7267_3
6327,229,1,7267_4
6341,199,1,7276_1
6341,199,1,7276_2
6423,243,1,7583_1
6423,243,1,7583_2
6423,243,1,7583_3
6423,243,1,7583_4
6423,243,1,7589_1
6423,243,1,7589_2
6423,243,1,7589_3
6423,243,1,7589_4
6424,242,1,7594_1
6424,242,1,7594_2
6424,242,1,7594_3
6424,242,1,7594_4
6424,242,1,7599_1
6424,242,1,7599_2
6424,242,1,7599_3
6424,242,1,7599_4
6435,231,1,7645_1
6435,231,1,7645_2
6435,231,1,7645_3
6435,231,1,7645_4
6438,228,1,7656_1
6438,228,1,7656_2
6438,228,1,7656_3
6438,228,1,7656_4
6438,228,1,7661_1
6438,228,1,7661_2
6438,228,1,7661_3
6438,228,1,7661_4
6438,228,1,7667_1
6438,228,1,7667_2
6438,228,1,7667_3
6438,228,1,7667_4
6448,218,1,7696_1
6448,218,1,7696_2
6448,218,1,7696_3
6448,218,1,7696_4
6449,217,1,7728_1
6449,217,1,7728_2
6449,217,1,7728_3
6449,217,1,7728_4
6449,217,1,7734_1
6449,217,1,7734_2
6449,217,1,7734_3
6449,217,1,7734_4
6457,208,1,7838_1
6457,208,1,7838_2
6457,208,1,7838_3
6457,208,1,7838_4
6529,309,1,8225_1
6533,322,1,8239_1
6533,435,1,8242_1
6533,491,1,8244_1
6602,686,1,8487_1
6602,691,1,8490_1
6602,723,1,8493_1
6602,694,1,8495_1
6602,780,1,8498_1
6602,662,1,8501_1
6613,619,1,8507_1
6666,285,1,8563_1
6666,285,1,8563_2
6666,285,1,8563_3
6666,285,1,8563_4
6666,285,1,8563_5
6666,285,1,8563_6
6666,822,1,8565_1
6666,822,1,8565_2
6666,822,1,8565_3
6666,822,1,8565_4
6666,822,1,8568_1
6666,822,1,8568_2
6666,822,1,8568_3
6666,822,1,8568_4
6667,820,1,8571_1
6667,820,1,8571_2
6667,820,1,8571_3
6667,820,1,8571_4
6668,819,1,8573_1
6668,819,1,8573_2
6668,819,1,8573_3
6668,819,1,8573_4
6668,819,1,8576_1
6668,819,1,8576_2
6668,819,1,8576_3
6668,819,1,8576_4
6669,818,1,8579_1
6669,818,1,8579_2
6669,818,1,8579_3
6669,818,1,8579_4
6669,818,1,8581_1
6669,818,1,8581_2
6669,818,1,8581_3
6669,818,1,8581_4
6679,4194,1,8584_1
6710,777,1,8587_1
6710,777,1,8587_2
6710,777,1,8587_3
6710,777,1,8587_4
6718,770,1,8589_1
6718,770,1,8589_2
6718,770,1,8589_3
6718,770,1,8589_4
6738,749,1,8597_1
6738,749,1,8597_2
6738,749,1,8597_3
6738,749,1,8597_4
6746,1492,1,8600_1
6746,2041,1,8602_1
6746,741,1,8605_1
6746,741,1,8605_2
6746,741,1,8605_3
6746,741,1,8605_4
6781,506,1,8608_1
6785,251,1,8610_1
6785,686,1,8613_1
6785,255,1,8616_1
6787,244,1,8629_1
6799,268,1,8638_1
6848,202,1,8655_1
6848,232,1,8661_1
6848,275,1,8666_1
6890,226,1,8717_1
6983,184,1,8824_1
6983,270,1,8830_1
6983,199,1,8832_1
7017,233,1,8838_1
7029,329,1,8840_1
7063,270,1,8867_1
7072,5319,1,8870_1
7326,191,1,8969_1
7326,191,1,8969_2
7327,217,1,8978_1
7327,217,1,8978_2
7343,279,1,8989_1
7343,279,1,8989_2
7351,250,1,8996_1
7351,250,1,8996_2
7435,1129,1,9051_1
7435,1656,1,9053_1
7518,187,1,9107_1
7518,187,1,9107_2
7518,187,1,9107_3
7518,330,1,9112_1
7518,330,1,9112_2
7518,330,1,9112_3
7519,246,1,9118_1
7519,246,1,9118_2
7519,246,1,9118_3
7520,673,1,9121_1
7520,673,1,9121_2
7520,718,1,9124_1
7520,718,1,9124_2
7528,188,1,9139_1
7528,188,1,9139_2
7549,371,1,9171_1
7581,235,1,9211_1
7581,235,1,9211_2
7581,235,1,9211_3
7581,235,1,9211_4
7582,1093,1,9216_1
7582,1093,1,9216_2
7583,468,1,9219_1
7583,468,1,9219_2
7583,698,1,9222_1
7583,698,1,9222_2
7587,580,1,9224_1
7587,580,1,9224_2
7593,222,1,9230_1
7593,222,1,9230_2
7593,222,1,9230_3
7593,222,1,9230_4
7600,216,1,9236_1
7600,216,1,9236_2
7600,216,1,9236_3
7600,216,1,9236_4
7730,465,1,9348_1
7771,3933,1,9351_1
7771,3933,1,9351_2
7771,3933,1,9351_3
7810,223,1,9371_1
7968,399,1,9552_1
7968,399,1,9552_2
7968,399,1,9552_3
7968,399,1,9552_4
7968,399,1,9552_5
7968,399,1,9552_6
7983,234,1,9558_1
7995,516,1,9561_1
7995,565,1,9563_1
7995,775,1,9566_1
7995,972,1,9569_1
7997,455,1,9571_1
7997,455,1,9571_2
8056,496,1,9593_1
8056,496,1,9593_2
8200,1046,1,9668_1
8200,1046,1,9668_2
8200,958,1,9670_1
8200,958,1,9670_2
8200,910,1,9673_1
8200,910,1,9673_2
8200,942,1,9676_1
8200,942,1,9676_2
8202,1031,1,9678_1
8202,1031,1,9678_2
8204,1097,1,9681_1
8204,1097,1,9681_2
8204,693,1,9684_1
8204,693,1,9684_2
8204,920,1,9686_1
8204,920,1,9686_2
8218,858,1,9689_1
8218,858,1,9689_2
8223,248,1,9692_1
8223,356,1,9694_1
8223,470,1,9697_1
8223,549,1,9700_1
8223,578,1,9702_1
8240,1053,1,9719_1
8240,1053,1,9719_2
8244,279,1,9723_1
8244,279,1,9723_2
8244,321,1,9725_1
8244,321,1,9725_2
8265,303,1,9743_1
8265,303,1,9743_2
8317,225,1,9829_1
8317,225,1,9829_2
8343,238,1,9865_1
8343,310,1,9868_1
8343,331,1,9870_1
8343,350,1,9873_1
8343,426,1,9876_1
8343,548,1,9878_1
8347,7924,1,9887_1
8347,7924,1,9887_2
8347,7924,1,9887_3
8347,7924,1,9887_4
8351,200,1,9912_1
8419,261,1,10043_1
8420,4797,1,10056_1
8424,7846,1,10058_1
8424,7846,1,10058_2
8424,7846,1,10058_3
8424,7846,1,10058_4
8440,373,1,10062_1
8440,385,1,10065_1
8461,627,1,10068_1
8476,7794,1,10071_1
8476,7794,1,10071_2
8476,7794,1,10071_3
8476,7794,1,10071_4
8487,508,1,10075_1
8504,603,1,10078_1
8523,7748,1,10082_1
8523,7748,1,10082_2
8523,7748,1,10082_3
8523,7748,1,10082_4
8542,429,1,10087_1
8542,447,1,10089_1
8545,516,1,10092_1
8553,349,1,10096_1
8553,349,1,10096_2
8553,2235,1,10098_1
8578,594,1,10110_1
8597,379,1,10114_1
8597,379,1,10114_2
8605,225,1,10135_1
8605,431,1,10138_1
8608,287,1,10141_1
8608,287,1,10141_2
8608,314,1,10143_1
8608,314,1,10143_2
8616,6024,1,10149_1
8619,270,1,10152_1
8621,189,1,10155_1
8621,313,1,10161_1
8621,337,1,10163_1
8621,364,1,10166_1
8621,427,1,10169_1
8621,489,1,10171_1
8622,191,1,10174_1
8624,234,1,10196_1
8624,348,1,10199_1
8624,261,1,10202_1
8625,251,1,10208_1
8625,509,1,10211_1
8625,519,1,10213_1
8626,361,1,10217_1
8626,409,1,10220_1
8626,454,1,10222_1
8626,968,1,10225_1
8627,258,1,10228_1
8627,338,1,10231_1
8627,407,1,10234_1
8635,452,1,10250_1
8646,185,1,10285_1
8663,327,1,10318_1
8737,199,1,10414_1
8847,316,1,10554_1
8847,316,1,10554_2
8847,316,1,10554_3
8856,348,1,10570_1
8861,203,1,10573_1
8861,203,1,10573_2
8861,203,1,10573_3
8861,737,1,10577_1
8864,184,1,10596_1
8879,279,1,10622_1
8879,387,1,10625_1
8881,458,1,10628_1
8881,458,1,10628_2
8881,458,1,10628_3
8897,246,1,10634_1
8897,246,1,10634_2
8897,246,1,10634_3
8950,5967,1,10702_1
8950,5967,1,10702_2
8950,5967,1,10702_3
8950,5967,1,10702_4
8983,202,1,10761_1
8983,202,1,10761_2
8983,202,1,10761_3
8983,202,1,10761_4
8983,362,1,10764_1
8983,362,1,10764_2
8983,362,1,10764_3
8983,362,1,10764_4
8989,268,1,10770_1
8989,268,1,10770_2
8989,268,1,10770_3
8989,268,1,10770_4
8989,328,1,10772_1
8989,328,1,10772_2
8989,328,1,10772_3
8989,328,1,10772_4
8990,2008,1,10779_1
8990,2008,1,10779_2
8990,2008,1,10779_3
8990,2008,1,10779_4
8990,2008,1,10779_5
8990,2008,1,10779_6
8990,2008,1,10779_7
8990,2008,1,10779_8
8990,2008,1,10779_9
8990,2008,1,10779_10
8990,2008,1,10779_11
8990,2008,1,10779_12
8991,198,1,10785_1
8994,27935,1,10797_1
8994,27935,1,10797_2
8994,27935,1,10797_3
8994,27935,1,10799_1
8994,27935,1,10799_2
8994,27935,1,10799_3
8995,27934,1,10805_1
8995,27934,1,10805_2
8995,27934,1,10807_1
8995,27934,1,10807_2
9017,197,1,10844_1
9017,197,1,10844_2
9017,197,1,10844_3
9022,224,1,10858_1
9022,331,1,10860_1
9022,481,1,10863_1
9027,644,1,10868_1
9032,27897,1,10886_1
9032,27897,1,10886_2
9034,705,1,10893_1
9050,302,1,10913_1
9050,323,1,10915_1
9050,396,1,10918_1
9050,476,1,10921_1
9051,479,1,10934_1
9051,2753,1,10936_1
9051,2753,1,10936_2
9051,2753,1,10936_3
9051,2753,1,10936_4
9051,2753,1,10936_5
9051,2753,1,10936_6
9051,2753,1,10936_7
9051,2753,1,10936_8
9051,2753,1,10936_9
9051,2753,1,10936_10
9051,2753,1,10936_11
9051,2753,1,10936_12
9056,2696,1,10939_1
9056,2696,1,10939_2
9056,2696,1,10939_3
9056,2696,1,10939_4
9056,2696,1,10939_5
9056,2696,1,10939_6
9056,2696,1,10939_7
9056,2696,1,10939_8
9056,2696,1,10939_9
9056,2696,1,10939_10
9056,2696,1,10939_11
9056,2696,1,10939_12
9061,1324,1,10943_1
9061,1324,1,10943_2
9068,180,1,10950_1
9068,180,1,10950_2
9068,180,1,10950_3
9074,225,1,10954_1
9083,423,1,10985_1
9083,435,1,10987_1
9094,6031,1,11024_1
9094,6031,1,11024_2
9094,6031,1,11024_3
9094,6031,1,11024_4
9098,301,1,11028_1
9102,272,1,11030_1
9102,272,1,11030_2
9102,272,1,11030_3
9102,272,1,11030_4
9117,1072,1,11060_1
9117,1072,1,11060_2
9121,362,1,11065_1
9121,943,1,11070_1
9121,943,1,11070_2
9132,1246,1,11085_1
9152,255,1,11126_1
9161,1206,1,11141_1
9161,1206,1,11141_2
9185,371,1,11190_1
9185,400,1,11192_1
9185,785,1,11195_1
9185,785,1,11195_2
9187,793,1,11198_1
9187,793,1,11198_2
9196,313,1,11282_1
9201,194,1,11313_1
9213,509,1,11326_1
9213,509,1,11326_2
9213,565,1,11329_1
9213,565,1,11329_2
9214,266,1,11334_1
9214,338,1,11337_1
9217,2486,1,11341_1
9217,2486,1,11341_2
9217,2486,1,11341_3
9220,844,1,11343_1
9220,844,1,11343_2
9223,410,1,11346_1
9235,1277,1,11365_1
9235,1277,1,11365_2
9252,247,1,11377_1
9252,331,1,11380_1
9252,376,1,11383_1
9253,182,1,11385_1
9264,313,1,11394_1
9264,354,1,11396_1
9264,415,1,11399_1
9264,520,1,11402_1
9270,186,1,11412_1
9271,319,1,11417_1
9310,5608,1,11473_1
9310,5608,1,11473_2
9310,5608,1,11473_3
9310,5608,1,11473_4
9310,688,1,11476_1
9310,688,1,11476_2
9314,899,1,11488_1
9314,899,1,11488_2
9322,1159,1,11500_1
9322,1159,1,11500_2
9326,200,1,11504_1
9326,208,1,11509_1
9327,331,1,11526_1
9327,334,1,11528_1
9327,345,1,11531_1
9368,784,1,11625_1
9368,784,1,11625_2
9368,207,1,11632_1
9383,5742,1,11670_1
9383,5742,1,11670_2
9383,5742,1,11670_3
9383,5742,1,11670_4
9391,2062,1,11684_1
9391,2062,1,11684_2
9391,2062,1,11684_3
9391,2062,1,11684_4
9391,2411,1,11686_1
9391,2411,1,11686_2
9391,2411,1,11686_3
9391,2411,1,11686_4
9391,3053,1,11689_1
9391,3053,1,11689_2
9391,3053,1,11689_3
9391,3053,1,11689_4
9391,3820,1,11692_1
9391,3820,1,11692_2
9391,3820,1,11692_3
9391,3820,1,11692_4
9391,3127,1,11694_1
9391,3127,1,11694_2
9391,3127,1,11694_3
9391,3127,1,11694_4
9391,4281,1,11697_1
9391,4281,1,11697_2
9391,4281,1,11697_3
9391,4281,1,11697_4
9393,1481,1,11701_1
9393,1709,1,11704_1
9396,5522,1,11718_1
9396,5522,1,11718_2
9396,5522,1,11718_3
9396,5522,1,11718_4
9398,5520,1,11724_1
9398,5520,1,11724_2
9398,5520,1,11724_3
9398,5520,1,11724_4
9400,735,1,11727_1
9400,735,1,11727_2
9400,749,1,11730_1
9400,749,1,11730_2
9414,214,1,11794_1
9414,181,1,11803_1
9414,852,1,11806_1
9417,2264,1,11809_1
9436,2268,1,11881_1
9436,2268,1,11881_2
9436,2268,1,11881_3
9466,290,1,11979_1
9466,334,1,11982_1
9477,2227,1,12039_1
9477,2227,1,12039_2
9477,2227,1,12039_3
9477,354,1,12042_1
9482,205,1,12046_1
9482,762,1,12054_1
9487,276,1,12061_1
9489,254,1,12065_1
9493,686,1,12089_1
9494,189,1,12105_1
9518,799,1,12172_1
9518,799,1,12172_2
9535,957,1,12228_1
9541,1048,1,12238_1
9541,1048,1,12238_2
9591,475,1,12288_1
9598,1148,1,12300_1
9598,1148,1,12300_2
9612,295,1,12321_1
9615,184,1,12326_1
9625,804,1,12337_1
9625,804,1,12337_2
9658,1663,1,12396_1
9682,470,1,12435_1
9699,5425,1,12477_1
9699,5425,1,12477_2
9699,5425,1,12477_3
9699,5425,1,12477_4
9719,387,1,12508_1
9728,288,1,12526_1
9743,2526,1,12566_1
9743,2526,1,12566_2
9743,2526,1,12566_3
9743,2526,1,12566_4
9743,2526,1,12566_5
9743,2526,1,12566_6
9743,2526,1,12566_7
9743,2526,1,12566_8
9743,2526,1,12566_9
9743,2526,1,12566_10
9743,2526,1,12566_11
9743,2526,1,12566_12
9835,238,1,12781_1
9842,221,1,12801_1
9842,265,1,12806_1
9849,189,1,12814_1
9849,253,1,12820_1
9849,260,1,12825_1
9861,237,1,12833_1
9861,249,1,12838_1
9886,198,1,12865_1
9901,271,1,12884_1
9901,224,1,12889_1
9902,346,1,12895_1
9902,1248,1,12897_1
9925,185,1,12957_1
9925,203,1,12962_1
9925,223,1,12968_1
9925,1779,1,13000_1
9925,1779,1,13000_2
9925,1779,1,13000_3
9929,544,1,13003_1
9929,366,1,13005_1
9936,1282,1,13033_1
9936,1282,1,13033_2
9936,1362,1,13036_1
9936,1362,1,13036_2
9936,1362,1,13036_3
9936,1362,1,13036_4
9938,190,1,13039_1
9941,285,1,13045_1
9948,464,1,13068_1
9948,320,1,13071_1
9976,315,1,13193_1
9976,344,1,13195_1
9988,200,1,13247_1
9988,215,1,13252_1
9988,190,1,13258_1
10009,191,1,13294_1
10070,260,1,13458_1
10075,1733,1,13474_1
10075,2115,1,13477_1
10078,201,1,13480_1
10081,249,1,13501_1
10106,267,1,13566_1
10107,439,1,13585_1
10118,220,1,13611_1
10118,1586,1,13623_1
10118,1586,1,13623_2
10118,1586,1,13623_3
10119,182,1,13626_1
10129,206,1,13652_1
10133,196,1,13673_1
10133,278,1,13679_1
10144,203,1,13707_1
10146,212,1,13715_1
10146,258,1,13721_1
10161,525,1,13742_1
10170,444,1,13759_1
10170,258,1,13761_1
10170,1046,1,13764_1
10187,372,1,13834_1
10299,1349,1,14163_1
10318,24995,1,14214_1
10318,24995,1,14214_2
10325,468,1,14229_1
10325,724,1,14231_1
10325,328,1,14238_1
10327,719,1,14241_1
10341,560,1,14269_1
10341,244,1,14272_1
10389,526,1,14434_1
10389,209,1,14436_1
10397,1508,1,14469_1
10397,1508,1,14469_2
10399,259,1,14473_1
10399,1355,1,14475_1
10416,1056,1,14489_1
10416,564,1,14492_1
10574,330,1,14955_1
10585,313,1,14984_1
10592,1112,1,14998_1
10592,1112,1,14998_2
10592,1112,1,14998_3
10605,709,1,15031_1
10648,371,1,15139_1
10651,639,1,15144_1
10651,639,1,15144_2
10654,1366,1,15148_1
10656,236,1,15150_1
10656,325,1,15153_1
10668,2864,1,15187_1
10683,1092,1,15218_1
10683,1092,1,15218_2
10718,4076,1,15256_1
10738,528,1,15299_1
10743,268,1,15301_1
10749,486,1,15316_1
10749,458,1,15319_1
10800,1821,1,15450_1
10800,1821,1,15450_2
10882,1209,1,15645_1
10899,251,1,15662_1
10918,696,1,15667_1
10918,215,1,15669_1
10918,1351,1,15672_1
10924,386,1,15683_1
10930,252,1,15694_1
10943,2063,1,15718_1
10964,242,1,15737_1
10970,307,1,15754_1
10970,191,1,15756_1
10973,287,1,15759_1
11020,318,1,15890_1
11027,792,1,15916_1
11052,190,1,15974_1
11092,619,1,16063_1
11092,810,1,16067_1
11092,810,1,16067_2
11108,209,1,16069_1
11136,972,1,16148_1
11136,972,1,16148_2
11143,687,1,16152_1
11156,205,1,16185_1
11178,704,1,16263_1
11186,223,1,16295_1
11191,188,1,16322_1
11199,2498,1,16357_1
11202,237,1,16361_1
11218,203,1,16398_1
11221,187,1,16409_1
11321,940,1,16536_1
11321,940,1,16536_2
11328,274,1,16557_1
11391,667,1,16666_1
11391,182,1,16668_1
11516,602,1,16851_1
11569,534,1,16924_1
11577,286,1,16932_1
11577,388,1,16934_1
11581,692,1,16939_1
11581,692,1,16939_2
11586,505,1,16942_1
11616,331,1,17021_1
11616,517,1,17023_1
11616,517,1,17023_2
12040,267,1,17493_1
12041,450,1,17514_1
12041,630,1,17517_1
12041,723,1,17519_1
12078,584,1,17659_1
12078,552,1,17662_1
12078,396,1,17665_1
12078,590,1,17667_1
12078,590,1,17667_2
12078,245,1,17670_1
12078,245,1,17670_2
12078,245,1,17670_3
12078,245,1,17670_4
12122,540,1,17830_1
12150,1442,1,17919_1
12150,272,1,17924_1
12157,506,1,17961_1
12167,1663,1,17985_1
12167,1663,1,17985_2
12167,1663,1,17985_3
12167,1663,1,17985_4
12173,717,1,18003_1
12204,1490,1,18063_1
12220,271,1,18077_1
12220,634,1,18080_1
12220,1616,1,18083_1
12220,1616,1,18083_2
12220,509,1,18085_1
12220,509,1,18085_2
12226,932,1,18093_1
12234,672,1,18119_1
12253,915,1,18174_1
12253,915,1,18174_2
12272,1317,1,18197_1
12288,267,1,18248_1
12290,480,1,18251_1
12290,814,1,18256_1
12323,555,1,18362_1
12323,555,1,18362_2
12324,1173,1,18365_1
12330,382,1,18394_1
12330,382,1,18394_2
12330,382,1,18394_3
12334,414,1,18399_1
12346,295,1,18426_1
12349,283,1,18430_1
12353,272,1,18448_1
12373,1185,1,18469_1
12373,1185,1,18469_2
12391,660,1,18479_1
12391,416,1,18481_1
12410,281,1,18517_1
12410,527,1,18520_1
12422,1290,1,18573_1
12491,444,1,18824_1
12497,419,1,18848_1
12513,294,1,18907_1
12540,782,1,18990_1
12540,844,1,18992_1
12572,294,1,19077_1
12577,520,1,19080_1
12624,642,1,19257_1
12640,605,1,19310_1
12640,605,1,19310_2
12668,418,1,19387_1
12671,309,1,19390_1
12679,496,1,19417_1
12679,376,1,19419_1
12685,212,1,19425_1
12706,354,1,19505_1
12706,650,1,19507_1
12706,650,1,19507_2
12782,232,1,19664_1
12792,191,1,19683_1
12819,1155,1,19756_1
12819,1155,1,19756_2
12819,1155,1,19756_3
12819,1155,1,19756_4
12822,341,1,19759_1
12822,341,1,19759_2
12822,341,1,19759_3
12822,341,1,19759_4
12838,228,1,19795_1
12842,279,1,19798_1
12842,2586,1,19801_1
12860,256,1,19856_1
12860,530,1,19859_1
12883,242,1,19911_1
12909,364,1,19981_1
12936,10444,1,20069_1
12963,814,1,20188_1
12963,814,1,20188_2
12972,220,1,20234_1
12977,204,1,20240_1
12984,910,1,20269_1
12984,910,1,20269_2
13000,345,1,20295_1
13007,742,1,20301_1
13007,742,1,20301_2
13021,197,1,20362_1
13034,463,1,20381_1
13053,378,1,20387_1
13053,326,1,20389_1
13053,458,1,20392_1
13053,1723,1,20395_1
13075,329,1,20432_1
13086,297,1,20461_1
13086,346,1,20463_1
13088,362,1,20467_1
13097,1395,1,20470_1
13121,314,1,20475_1
13121,232,1,20478_1
13170,335,1,20508_1
13175,267,1,20511_1
13175,2476,1,20513_1
13182,272,1,20521_1
13231,1018,1,20544_1
13231,1018,1,20544_2
13231,1018,1,20544_3
13231,1018,1,20544_4
13237,208,1,20546_1
13245,1364,1,20549_1
13249,360,1,20553_1
13249,696,1,20555_1
13249,696,1,20555_2
13253,453,1,20558_1
13258,1178,1,20561_1
13258,1178,1,20561_2
13258,1178,1,20561_3
13258,1178,1,20561_4
13267,313,1,20563_1
13288,768,1,20566_1
13297,536,1,20570_1
13297,536,1,20570_2
13304,409,1,20572_1
13344,1055,1,20580_1
13344,1055,1,20580_2
13386,280,1,20596_1
13517,914,1,20648_1
13521,561,1,20650_1
13521,561,1,20650_2
13559,388,1,20662_1
13563,494,1,20665_1
13563,265,1,20670_1
13569,852,1,20673_1
13569,852,1,20673_2
13582,268,1,20676_1
13587,330,1,20679_1
13595,1279,1,20682_1
13603,374,1,20684_1
13608,264,1,20691_1
13623,222,1,20693_1
13623,380,1,20696_1
13631,218,1,20705_1
13660,1079,1,20718_1
13660,1079,1,20718_2
13675,236,1,20722_1
13684,252,1,20728_1
13704,276,1,20738_1
13707,266,1,20741_1
13746,196,1,20762_1
13772,308,1,20767_1
13782,361,1,20777_1
13800,485,1,20787_1
13802,399,1,20790_1
13809,375,1,20793_1
13809,3303,1,20795_1
13822,454,1,20801_1
13822,324,1,20803_1
13822,931,1,20806_1
13822,931,1,20806_2
13827,255,1,20809_1
13831,324,1,20816_1
13831,338,1,20819_1
13831,363,1,20821_1
13835,353,1,20824_1
13835,253,1,20827_1
13867,330,1,20835_1
13867,340,1,20837_1
13867,2185,1,20840_1
13879,502,1,20843_1
13879,502,1,20843_2
13902,317,1,20862_1
13908,503,1,20868_1
13914,383,1,20870_1
13919,1969,1,20874_1
13941,379,1,20882_1
13941,381,1,20885_1
13945,733,1,20887_1
13945,733,1,20887_2
13957,411,1,20894_1
13957,498,1,20897_1
13963,2312,1,20899_1
14021,289,1,20921_1
14035,192,1,20933_1
14047,378,1,20936_1
14049,862,1,20939_1
14049,862,1,20939_2
14151,310,1,20996_1
14185,226,1,21009_1
14185,234,1,21014_1
14185,261,1,21020_1
14185,298,1,21025_1
14241,552,1,21051_1
14241,552,1,21051_2
14246,237,1,21054_1
14251,256,1,21056_1
14263,307,1,21059_1
14272,984,1,21063_1
14272,984,1,21063_2
14285,326,1,21067_1
14285,670,1,21070_1
14285,670,1,21070_2
14306,822,1,21073_1
14306,822,1,21073_2
14327,282,1,21078_1
14358,927,1,21092_1
14358,927,1,21092_2
14379,300,1,21142_1
14384,241,1,21175_1
14403,245,1,21229_1
14440,214,1,21284_1
14492,182,1,21489_1
14505,910,1,21522_1
14505,910,1,21522_2
14509,1622,1,21525_1
14509,1660,1,21527_1
14509,1937,1,21530_1
14509,1457,1,21533_1
14509,1585,1,21535_1
14509,1360,1,21538_1
14509,1586,1,21541_1
14510,1298,1,21543_1
14510,1517,1,21546_1
14510,1654,1,21549_1
14510,1708,1,21551_1
14510,1949,1,21554_1
14510,1805,1,21557_1
14510,1841,1,21559_1
14511,2589,1,21562_1
14511,2612,1,21565_1
14511,1824,1,21567_1
14511,2736,1,21570_1
14512,2580,1,21573_1
14514,196,1,21578_1
14522,2646,1,21581_1
14528,188,1,21584_1
14542,192,1,21586_1
14542,281,1,21592_1
14551,367,1,21594_1
14551,367,1,21594_2
14551,367,1,21594_3
14551,367,1,21594_4
14565,183,1,21599_1
14580,227,1,21605_1
14590,193,1,21609_1
14596,918,1,21617_1
14596,918,1,21617_2
14609,232,1,21623_1
14619,222,1,21631_1
14639,189,1,21639_1
14654,1074,1,21658_1
14654,1074,1,21658_2
14694,210,1,21680_1
14694,1214,1,21683_1
14723,1058,1,21687_1
14723,418,1,21689_1
14742,296,1,21697_1
14742,386,1,21700_1
14742,444,1,21703_1
14752,432,1,21706_1
14758,180,1,21725_1
14758,180,1,21725_2
14802,239,1,21797_1
14806,269,1,21805_1
14806,200,1,21810_1
14806,260,1,21812_1
14815,292,1,21816_1
14815,342,1,21819_1
14820,340,1,21821_1
14824,341,1,21824_1
14834,374,1,21828_1
14852,312,1,21856_1
14898,316,1,21951_1
14898,371,1,21954_1
14898,452,1,21956_1
14901,2607,1,21959_1
14901,2607,1,21959_2
14901,2607,1,21959_3
14905,2602,1,21963_1
14905,2602,1,21963_2
14905,2602,1,21963_3
14905,2602,1,21965_1
14905,2602,1,21965_2
14905,2602,1,21965_3
14905,2602,1,21968_1
14905,2602,1,21968_2
14905,2602,1,21968_3
14905,2602,1,21971_1
14905,2602,1,21971_2
14905,2602,1,21971_3
14906,2601,1,21973_1
14906,2601,1,21973_2
14906,2601,1,21973_3
14906,2601,1,21976_1
14906,2601,1,21976_2
14906,2601,1,21976_3
14918,302,1,21994_1
14919,222,1,21996_1
14930,446,1,22022_1
14933,183,1,22026_1
14933,183,1,22026_2
14933,183,1,22026_3
14933,183,1,22026_4
15041,305,1,22126_1
15041,723,1,22129_1
15041,888,1,22132_1
15041,888,1,22132_2
15055,402,1,22138_1
15079,8046,1,22177_1
15144,200,1,22506_1
15144,200,1,22506_2
15148,325,1,22526_1
15148,344,1,22529_1
15148,384,1,22532_1
15162,214,1,22693_1
15173,582,1,22749_1
15173,582,1,22749_2
15254,230,1,22981_1
15256,365,1,22984_1
15256,365,1,22984_2
15256,508,1,22987_1
15256,508,1,22987_2
15256,590,1,22989_1
15256,590,1,22989_2
15256,186,1,23000_1
15258,226,1,23010_1
15319,212,1,23139_1
15389,238,1,23321_1
15417,311,1,23388_1
15427,289,1,23404_1
15427,350,1,23407_1
15457,292,1,23517_1
15457,292,1,23517_2
15457,292,1,23517_3
15457,292,1,23517_4
15457,293,1,23520_1
15457,293,1,23520_2
15457,293,1,23520_3
15457,293,1,23520_4
15457,293,1,23522_1
15457,293,1,23522_2
15457,293,1,23522_3
15457,293,1,23522_4
15458,291,1,23525_1
15458,291,1,23525_2
15458,291,1,23525_3
15458,291,1,23525_4
15485,400,1,23534_1
15488,247,1,23536_1
15488,247,1,23536_2
15488,247,1,23536_3
15488,247,1,23536_4
15488,247,1,23536_5
15488,247,1,23536_6
15488,371,1,23539_1
15488,446,1,23542_1
15488,936,1,23544_1
15498,751,1,23547_1
15498,751,1,23547_2
15498,751,1,23547_3
15498,751,1,23547_4
15505,396,1,23550_1
15505,663,1,23552_1
15513,652,1,23555_1
15513,652,1,23555_2
15513,652,1,23555_3
15516,410,1,23562_1
15518,232,1,23564_1
15518,232,1,23564_2
15518,232,1,23564_3
15518,232,1,23564_4
15518,400,1,23571_1
15518,320,1,23574_1
15518,1055,1,23576_1
15518,882,1,23579_1
15520,230,1,23582_1
15520,230,1,23582_2
15520,230,1,23582_3
15520,230,1,23582_4
15524,1075,1,23606_1
15524,607,1,23608_1
15524,255,1,23611_1
15524,437,1,23614_1
15524,945,1,23616_1
15530,220,1,23621_1
15530,220,1,23621_2
15530,220,1,23621_3
15530,220,1,23621_4
15533,217,1,23647_1
15533,217,1,23647_2
15533,217,1,23647_3
15533,217,1,23647_4
15593,211,1,23704_1
15593,474,1,23707_1
15615,699,1,23808_1
15616,655,1,23831_1
15623,1946,1,23849_1
15627,720,1,23889_1
15627,775,1,23892_1
15627,805,1,23895_1
15627,658,1,23897_1
15629,740,1,23902_1
15647,2195,1,23913_1
15647,389,1,23915_1
15651,1092,1,23918_1
15651,740,1,23921_1
15659,197,1,23923_1
15716,237,1,23956_1
15762,291,1,24008_1
15767,628,1,24010_1
15776,272,1,24013_1
15779,520,1,24016_1
15779,520,1,24016_2
15783,7435,1,24018_1
15796,269,1,24021_1
15805,309,1,24024_1
15816,532,1,24036_1
15823,370,1,24044_1
15871,314,1,24096_1
15906,646,1,24145_1
15923,240,1,24156_1
15931,457,1,24168_1
15939,275,1,24172_1
15939,356,1,24175_1
15939,1042,1,24178_1
15939,767,1,24180_1
15949,972,1,24214_1
15970,329,1,24241_1
15970,329,1,24241_2
15970,329,1,24241_3
15970,264,1,24243_1
15970,470,1,24246_1
15976,1100,1,24249_1
15976,1160,1,24251_1
15986,825,1,24254_1
15986,825,1,24254_2
15986,825,1,24254_3
15986,220,1,24257_1
15988,246,1,24262_1
15988,246,1,24262_2
15988,246,1,24262_3
15988,246,1,24262_4
15988,255,1,24267_1
15988,255,1,24267_2
15988,255,1,24267_3
15988,255,1,24267_4
15992,242,1,24277_1
15992,242,1,24277_2
15992,242,1,24277_3
15992,242,1,24277_4
16039,236,1,24317_1
16044,334,1,24320_1
16062,287,1,24331_1
16094,2185,1,24366_1
16131,881,1,24441_1
16134,264,1,24443_1
16136,415,1,24448_1
16136,415,1,24448_2
16136,415,1,24448_3
16136,389,1,24451_1
16136,630,1,24453_1
16150,2023,1,24486_1
16198,309,1,24524_1
16216,935,1,24529_1
16216,935,1,24529_2
16216,935,1,24529_3
16223,1397,1,24535_1
16223,975,1,24538_1
16223,810,1,24541_1
16339,866,1,24747_1
16342,864,1,24752_1
16352,562,1,24822_1
16352,792,1,24825_1
16357,722,1,24832_1
16369,18944,1,24844_1
16369,18944,1,24844_2
16378,727,1,24877_1
16651,1611,1,25788_1
16653,892,1,25795_1
16658,321,1,25800_1
16658,818,1,25803_1
16658,2209,1,25809_1
16660,753,1,25814_1
16663,1569,1,25823_1
16667,635,1,25827_1
16667,395,1,25829_1
16670,878,1,25833_1
16672,283,1,25840_1
16672,283,1,25840_2
16672,819,1,25844_1
16675,643,1,25854_1
16697,859,1,25905_1
16704,240,1,25930_1
16704,240,1,25930_2
16704,240,1,25930_3
16704,525,1,25932_1
16704,525,1,25932_2
16704,525,1,25932_3
16704,644,1,25935_1
16704,644,1,25935_2
16704,644,1,25935_3
16708,969,1,25938_1
16719,3192,1,25968_1
16723,548,1,25981_1
16743,420,1,26003_1
16743,2720,1,26005_1
16746,2094,1,26011_1
16748,933,1,26014_1
16748,1812,1,26017_1
16775,2117,1,26114_1
16775,735,1,26117_1
16791,283,1,26149_1
16791,320,1,26152_1
16833,974,1,26305_1
16833,642,1,26308_1
16833,499,1,26311_1
16833,469,1,26313_1
16833,621,1,26316_1
16833,2107,1,26319_1
16833,2107,1,26319_2
16833,2107,1,26319_3
16833,2107,1,26319_4
16835,345,1,26321_1
16835,747,1,26324_1
16852,245,1,26369_1
16859,806,1,26381_1
16863,1989,1,26399_1
16863,1989,1,26399_2
16863,1989,1,26399_3
16863,1989,1,26399_4
16863,1989,1,26401_1
16863,1989,1,26401_2
16863,1989,1,26401_3
16863,1989,1,26401_4
16863,1989,1,26404_1
16863,1989,1,26404_2
16863,1989,1,26404_3
16863,1989,1,26404_4
16863,1989,1,26407_1
16863,1989,1,26407_2
16863,1989,1,26407_3
16863,1989,1,26407_4
16865,1987,1,26409_1
16865,1987,1,26409_2
16865,1987,1,26409_3
16865,1987,1,26409_4
16873,1050,1,26436_1
16873,392,1,26439_1
16873,595,1,26441_1
16873,943,1,26444_1
16873,993,1,26447_1
16874,388,1,26451_1
16874,477,1,26454_1
16874,633,1,26457_1
16874,988,1,26459_1
16877,563,1,26463_1
16877,936,1,26466_1
16877,380,1,26468_1
16877,800,1,26471_1
16885,684,1,26512_1
16888,1018,1,26514_1
16888,424,1,26517_1
16888,1051,1,26520_1
16888,527,1,26522_1
16888,619,1,26525_1
16892,430,1,26528_1
16892,763,1,26530_1
16899,758,1,26578_1
16899,797,1,26581_1
16899,606,1,26583_1
16906,1000,1,26588_1
16930,1010,1,26643_1
16932,535,1,26648_1
16938,510,1,26663_1
16938,946,1,26666_1
16938,946,1,26666_2
16944,390,1,26668_1
16947,1272,1,26671_1
16947,532,1,26674_1
16947,1043,1,26676_1
16954,531,1,26679_1
16954,531,1,26679_2
16954,531,1,26679_3
16954,838,1,26682_1
16954,838,1,26682_2
16954,838,1,26682_3
16954,854,1,26684_1
16954,854,1,26684_2
16954,854,1,26684_3
16954,520,1,26687_1
16954,560,1,26690_1
16954,610,1,26692_1
16959,370,1,26695_1
16959,754,1,26698_1
16959,770,1,26700_1
16959,791,1,26703_1
16959,791,1,26703_2
16969,764,1,26706_1
16969,987,1,26708_1
16969,987,1,26708_2
16979,744,1,26730_1
16979,1572,1,26733_1
16986,496,1,26735_1
16986,381,1,26738_1
17000,573,1,26744_1
17049,295,1,26834_1
17049,325,1,26837_1
17049,338,1,26839_1
17049,348,1,26842_1
17049,369,1,26845_1
17049,398,1,26847_1
17061,796,1,26871_1
17103,488,1,26965_1
17111,458,1,26970_1
17111,402,1,26973_1
17164,202,1,27083_1
17164,202,1,27083_2
17164,202,1,27083_3
17164,202,1,27083_4
17182,7706,1,27106_1
17182,7706,1,27106_2
17182,7706,1,27106_3
17182,7706,1,27106_4
17183,714,1,27108_1
17185,7673,1,27120_1
17185,7673,1,27120_2
17185,7673,1,27120_3
17185,7673,1,27120_4
17189,215,1,27143_1
17189,412,1,27149_1
17189,1117,1,27152_1
17189,1117,1,27152_2
17189,926,1,27154_1
17189,926,1,27154_2
17196,382,1,27168_1
17199,323,1,27172_1
17200,7688,1,27180_1
17200,7688,1,27180_2
17200,7688,1,27180_3
17200,7688,1,27180_4
17203,7656,1,27184_1
17203,7656,1,27184_2
17203,7656,1,27184_3
17203,7656,1,27184_4
17229,7659,1,27197_1
17229,7659,1,27197_2
17229,7659,1,27197_3
17229,7659,1,27197_4
17229,7630,1,27199_1
17229,7630,1,27199_2
17229,7630,1,27199_3
17229,7630,1,27199_4
17229,7630,1,27202_1
17229,7630,1,27202_2
17229,7630,1,27202_3
17229,7630,1,27202_4
17229,7630,1,27205_1
17229,7630,1,27205_2
17229,7630,1,27205_3
17229,7630,1,27205_4
17229,7659,1,27207_1
17229,7659,1,27207_2
17229,7659,1,27207_3
17229,7659,1,27207_4
17237,326,1,27210_1
17243,227,1,27236_1
17267,289,1,27294_1
17267,318,1,27297_1
17277,650,1,27317_1
17277,991,1,27319_1
17277,991,1,27319_2
17283,306,1,27326_1
17285,360,1,27329_1
17288,617,1,27332_1
17312,808,1,27344_1
17312,344,1,27346_1
17312,2298,1,27349_1
17312,2298,1,27349_2
17312,2298,1,27349_3
17312,2298,1,27349_4
17315,433,1,27352_1
17315,554,1,27355_1
17315,335,1,27358_1
17317,498,1,27361_1
17318,434,1,27368_1
17330,605,1,27398_1
17330,858,1,27401_1
17343,380,1,27414_1
17343,505,1,27417_1
17343,982,1,27420_1
17343,661,1,27422_1
17348,194,1,27425_1
17353,7535,1,27438_1
17353,7535,1,27438_2
17353,7535,1,27438_3
17353,7535,1,27438_4
17353,920,1,27440_1
17353,411,1,27443_1
17353,863,1,27446_1
17355,583,1,27448_1
17356,1019,1,27451_1
17394,823,1,27523_1
17400,2472,1,27537_1
17400,2472,1,27537_2
17400,2472,1,27537_3
17400,2472,1,27537_4
17413,346,1,27555_1
17418,325,1,27564_1
17420,665,1,27567_1
17424,329,1,27570_1
17424,1176,1,27572_1
17424,821,1,27575_1
17429,2558,1,27583_1
17429,455,1,27589_1
17441,357,1,27593_1
17441,338,1,27596_1
17441,440,1,27598_1
17450,244,1,27607_1
17450,244,1,27607_2
17450,244,1,27607_3
17450,244,1,27607_4
17454,775,1,27616_1
17459,449,1,27626_1
17473,319,1,27657_1
17482,379,1,27660_1
17482,467,1,27662_1
17482,317,1,27665_1
17489,765,1,27681_1
17511,509,1,27695_1
17511,837,1,27698_1
17519,602,1,27716_1
17519,358,1,27718_1
17519,520,1,27721_1
17526,1177,1,27743_1
17526,1177,1,27743_2
17529,701,1,27745_1
17529,591,1,27748_1
17529,734,1,27751_1
17533,600,1,27753_1
17533,789,1,27756_1
17544,291,1,27780_1
17555,643,1,27793_1
17570,19359,1,27816_1
17570,19359,1,27816_2
17570,1652,1,27819_1
17570,1652,1,27819_2
17570,1652,1,27819_3
17570,1652,1,27819_4
17573,1490,1,27821_1
17587,1237,1,27850_1
17587,3054,1,27853_1
17587,7301,1,27855_1
17587,7301,1,27855_2
17587,7301,1,27855_3
17587,7301,1,27855_4
17587,19342,1,27858_1
17587,19342,1,27858_2
17587,3085,1,27861_1
17587,3085,1,27861_2
17587,3085,1,27861_3
17587,594,1,27863_1
17605,697,1,27888_1
17623,618,1,27904_1
17664,676,1,27951_1
17664,721,1,27953_1
17664,7195,1,27956_1
17664,7195,1,27956_2
17664,7195,1,27956_3
17664,7195,1,27956_4
17664,444,1,27959_1
17676,198,1,27979_1
17706,230,1,28052_1
17797,332,1,28196_1
17803,2869,1,28199_1
17803,2869,1,28199_2
17803,2869,1,28199_3
17806,318,1,28201_1
17818,1602,1,28221_1
17818,1602,1,28221_2
17818,1602,1,28221_3
17818,1602,1,28221_4
17818,668,1,28223_1
17822,3449,1,28226_1
17828,704,1,28229_1
17834,308,1,28235_1
17923,2611,1,28310_1
17923,2611,1,28310_2
17923,2611,1,28310_3
17923,2611,1,28310_4
17923,2611,1,28310_5
17923,2611,1,28310_6
17934,373,1,28313_1
17934,276,1,28316_1
17934,729,1,28318_1
17940,486,1,28322_1
17940,486,1,28322_2
17940,554,1,28325_1
17940,554,1,28325_2
17940,528,1,28327_1
17940,528,1,28327_2
17948,308,1,28330_1
17948,918,1,28333_1
17948,292,1,28339_1
17953,1097,1,28342_1
17953,1097,1,28342_2
17959,226,1,28348_1
18005,260,1,28365_1
18005,260,1,28365_2
18005,260,1,28365_3
18005,260,1,28365_4
18010,506,1,28371_1
18026,662,1,28374_1
18035,235,1,28377_1
18175,260,1,28477_1
18206,6682,1,28505_1
18206,6682,1,28505_2
18206,6682,1,28505_3
18206,6682,1,28505_4
18206,2465,1,28508_1
18206,2465,1,28508_2
18206,2465,1,28508_3
18228,6631,1,28510_1
18228,6631,1,28510_2
18228,6631,1,28510_3
18228,6631,1,28510_4
18228,1820,1,28513_1
18228,2892,1,28516_1
18228,3328,1,28518_1
18228,856,1,28521_1
18228,2444,1,28524_1
18228,2444,1,28524_2
18228,2444,1,28524_3
18228,2444,1,28526_1
18228,2444,1,28526_2
18228,2444,1,28526_3
18237,504,1,28530_1
18237,220,1,28534_1
18249,244,1,28539_1
18254,2418,1,28549_1
18254,2418,1,28549_2
18254,2418,1,28549_3
18262,249,1,28553_1
18270,1250,1,28560_1
18270,2247,1,28563_1
18270,798,1,28565_1
18270,2402,1,28569_1
18270,2402,1,28569_2
18270,2402,1,28569_3
18279,5542,1,28574_1
18279,5285,1,28576_1
18295,3826,1,28580_1
18309,4896,1,28587_1
18319,1521,1,28589_1
18319,1521,1,28589_2
18319,1521,1,28589_3
18319,1521,1,28589_4
18327,1683,1,28592_1
18327,2344,1,28595_1
18327,2344,1,28595_2
18327,2344,1,28595_3
18340,271,1,28604_1
18340,271,1,28604_2
18340,271,1,28604_3
18340,271,1,28604_4
18362,2310,1,28607_1
18362,2310,1,28607_2
18362,2310,1,28607_3
18369,219,1,28610_1
18420,245,1,28645_1
18420,232,1,28648_1
18428,513,1,28652_1
18428,195,1,28655_1
18487,217,1,28689_1
18492,2150,1,28691_1
18492,2538,1,28694_1
18502,233,1,28697_1
18502,418,1,28699_1
18517,182,1,28709_1
18522,1961,1,28715_1
18522,3158,1,28717_1
18542,2130,1,28720_1
18542,2130,1,28720_2
18542,2130,1,28720_3
18546,2736,1,28723_1
18550,1250,1,28725_1
18550,1250,1,28725_2
18550,434,1,28728_1
18550,427,1,28735_1
18584,318,1,28764_1
18584,271,1,28771_1
18613,207,1,28820_1
18644,427,1,28827_1
18644,427,1,28827_2
18644,427,1,28827_3
18644,427,1,28827_4
18652,190,1,28834_1
18667,304,1,28840_1
18667,581,1,28842_1
18667,581,1,28842_2
18667,581,1,28842_3
18667,581,1,28842_4
18678,276,1,28846_1
18678,276,1,28846_2
18678,276,1,28846_3
18678,276,1,28846_4
18688,238,1,28853_1
18696,4894,1,28859_1
18723,192,1,28865_1
18748,215,1,28884_1
18797,404,1,28895_1
18797,404,1,28895_2
18797,404,1,28895_3
18797,404,1,28895_4
18805,188,1,28904_1
18805,466,1,28910_1
18805,667,1,28913_1
18831,504,1,28917_1
18839,259,1,28927_1
18852,200,1,28930_1
18852,200,1,28930_2
18852,200,1,28930_3
18852,200,1,28930_4
18852,200,1,28935_1
18852,200,1,28935_2
18852,200,1,28935_3
18852,200,1,28935_4
18866,201,1,28942_1
18882,580,1,28944_1
18882,580,1,28944_2
18909,213,1,28957_1
18934,237,1,28965_1
18988,198,1,29007_1
18988,220,1,29014_1
19047,582,1,29052_1
19065,200,1,29070_1
19084,219,1,29118_1
19098,213,1,29138_1
19112,261,1,29163_1
19112,1165,1,29168_1
19188,513,1,29245_1
19199,758,1,29279_1
19199,758,1,29279_2
19289,300,1,29411_1
19289,376,1,29413_1
19289,227,1,29416_1
19334,193,1,29460_1
19371,266,1,29566_1
19595,207,1,29757_1
19623,1049,1,29831_1
19623,1049,1,29831_2
19623,1049,1,29831_3
19625,1809,1,29834_1
19625,1609,1,29838_1
19625,1609,1,29838_2
19625,1609,1,29838_3
19625,1609,1,29838_4
19625,1493,1,29841_1
19625,635,1,29844_1
19629,1043,1,29847_1
19629,1043,1,29847_2
19629,1043,1,29847_3
19657,300,1,29962_1
19657,486,1,29965_1
19676,569,1,29998_1
19823,204,1,30303_1
19880,537,1,30400_1
19880,537,1,30400_2
19880,491,1,30403_1
19880,789,1,30406_1
19907,223,1,30475_1
19949,311,1,30552_1
19949,455,1,30555_1
19981,477,1,30624_1
19991,198,1,30641_1
20060,238,1,30737_1
20060,480,1,30739_1
20096,2276,1,30831_1
20096,2276,1,30831_2
20096,2276,1,30831_3
20096,2276,1,30831_4
20096,2276,1,30831_5
20096,2276,1,30831_6
20124,325,1,30915_1
20124,504,1,30918_1
20124,999,1,30921_1
20139,290,1,30943_1
20139,468,1,30946_1
20143,236,1,30949_1
20149,219,1,30956_1
20169,751,1,30979_1
20169,751,1,30979_2
20271,321,1,31193_1
20291,183,1,31207_1
20408,1079,1,31356_1
20408,573,1,31360_1
20446,498,1,31433_1
20503,503,1,31492_1
20519,8526,1,31520_1
20519,8526,1,31520_2
20519,8526,1,31520_3
20519,8526,1,31520_4
20519,645,1,31522_1
20586,196,1,31642_1
20594,1200,1,31655_1
20824,413,1,32024_1
20824,645,1,32027_1
20885,190,1,32097_1
20909,507,1,32142_1
21098,182,1,32430_1
21214,307,1,32662_1
21214,307,1,32662_2
21214,307,1,32662_3
21223,348,1,32666_1
21275,863,1,32769_1
21275,863,1,32769_2
21275,1306,1,32771_1
21275,408,1,32792_1
21275,501,1,32795_1
21290,743,1,32799_1
21290,743,1,32799_2
21300,554,1,32823_1
21304,211,1,32826_1
21310,572,1,32828_1
21310,572,1,32828_2
21310,780,1,32834_1
21310,508,1,32838_1
21339,458,1,32904_1
21568,197,1,33309_1
21650,593,1,33410_1
21650,593,1,33410_2
21663,904,1,33422_1
21663,904,1,33422_2
21663,812,1,33429_1
21663,525,1,33432_1
21706,214,1,33479_1
21706,551,1,33482_1
21731,379,1,33555_1
21731,634,1,33557_1
21744,467,1,33562_1
21772,211,1,33616_1
21772,211,1,33616_2
21772,211,1,33616_3
21772,211,1,33616_4
21772,342,1,33618_1
21902,567,1,33919_1
21902,588,1,33922_1
21917,446,1,33924_1
21953,8730,1,33964_1
21953,584,1,33967_1
21965,426,1,33979_1
21992,1351,1,34021_1
21992,1351,1,34021_2
22021,2046,1,34089_1
22021,1527,1,34093_1
22021,1240,1,34096_1
22034,1299,1,34099_1
22034,1299,1,34099_2
22034,1299,1,34099_3
22034,1299,1,34099_4
22066,1185,1,34153_1
22066,1185,1,34153_2
22066,1185,1,34153_3
22066,1185,1,34153_4
22066,399,1,34159_1
22066,439,1,34162_1
22116,738,1,34230_1
22150,554,1,34284_1
22150,554,1,34284_2
22150,742,1,34287_1
22200,730,1,34383_1
22200,730,1,34383_2
22200,436,1,34388_1
22243,487,1,34496_1
22248,501,1,34504_1
22279,490,1,34543_1
22279,490,1,34543_2
22279,660,1,34557_1
22279,327,1,34559_1
22310,884,1,34588_1
22310,884,1,34588_2
22322,1576,1,34607_1
22322,1576,1,34607_2
22322,1738,1,34609_1
22322,477,1,34612_1
22358,510,1,34687_1
22370,612,1,34692_1
22511,1789,1,35042_1
22511,564,1,35068_1
22519,664,1,35070_1
22519,664,1,35070_2
22519,787,1,35076_1
22519,606,1,35079_1
22541,1671,1,35124_1
22541,1671,1,35124_2
22541,779,1,35129_1
22547,250,1,35133_1
22547,250,1,35133_2
22547,250,1,35133_3
22547,250,1,35133_4
22547,481,1,35135_1
22590,681,1,35286_1
22611,1404,1,35313_1
22611,1404,1,35313_2
22611,1404,1,35313_3
22611,1404,1,35313_4
22673,292,1,35458_1
22673,301,1,35461_1
22673,304,1,35463_1
22673,328,1,35466_1
22673,492,1,35469_1
22673,565,1,35471_1
22673,691,1,35474_1
22673,806,1,35477_1
22673,833,1,35479_1
22673,880,1,35482_1
22673,339,1,35485_1
22673,1267,1,35487_1
22673,308,1,35490_1
22673,526,1,35493_1
22673,906,1,35495_1
22673,785,1,35498_1
22675,332,1,35501_1
22675,695,1,35503_1
22675,337,1,35506_1
22675,362,1,35509_1
22675,450,1,35511_1
22675,702,1,35514_1
22675,846,1,35517_1
22675,986,1,35519_1
22676,336,1,35522_1
22676,365,1,35525_1
22676,378,1,35527_1
22676,397,1,35530_1
22676,538,1,35533_1
22676,554,1,35535_1
22676,747,1,35538_1
22676,814,1,35541_1
22676,830,1,35543_1
22677,272,1,35546_1
22677,320,1,35549_1
22677,535,1,35551_1
22677,833,1,35554_1
22694,409,1,35571_1
22694,1713,1,35573_1
22695,278,1,35592_1
22979,468,1,36077_1
22988,1540,1,36082_1
23172,294,1,36334_1
23172,308,1,36337_1
23172,344,1,36340_1
23172,393,1,36342_1
23172,353,1,36347_1
23174,310,1,36362_1
23178,741,1,36365_1
23178,741,1,36365_2
23178,1462,1,36368_1
23229,215,1,36439_1
23229,288,1,36445_1
23229,309,1,36447_1
23229,472,1,36450_1
23312,799,1,36690_1
23314,287,1,36692_1
23314,771,1,36695_1
23323,816,1,36722_1
23328,350,1,36729_1
23328,404,1,36732_1
23328,922,1,36735_1
23337,1282,1,36742_1
23337,612,1,36745_1
23337,1064,1,36748_1
23337,1124,1,36750_1
23337,264,1,36753_1
23412,1445,1,36982_1
23473,432,1,37051_1
23473,468,1,37053_1
23473,676,1,37056_1
23473,333,1,37059_1
23473,350,1,37061_1
23473,380,1,37064_1
23473,474,1,37067_1
23473,553,1,37069_1
23473,586,1,37072_1
23496,733,1,37095_1
23496,733,1,37095_2
23496,733,1,37095_3
23496,733,1,37095_4
23505,2828,1,37097_1
23516,221,1,37114_1
23520,710,1,37124_1
23520,710,1,37124_2
23520,710,1,37124_3
23520,710,1,37124_4
23537,215,1,37138_1
23543,686,1,37142_1
23543,686,1,37142_2
23543,686,1,37142_3
23543,686,1,37142_4
23546,217,1,37146_1
23693,235,1,37380_1
23693,274,1,37389_1
23693,307,1,37392_1
23693,318,1,37395_1
23693,190,1,37399_1
23734,551,1,37458_1
23734,551,1,37458_2
23734,459,1,37460_1
23734,520,1,37463_1
23734,553,1,37466_1
23734,613,1,37468_1
23734,494,1,37471_1
23751,496,1,37499_1
23755,214,1,37506_1
23760,193,1,37540_1
23760,207,1,37546_1
23768,1096,1,37591_1
23777,560,1,37612_1
23777,1105,1,37614_1
23777,525,1,37619_1
23780,321,1,37632_1
23780,506,1,37634_1
23786,319,1,37656_1
23804,379,1,37715_1
23812,1215,1,37720_1
23815,291,1,37724_1
23815,887,1,37727_1
23815,743,1,37729_1
23962,327,1,37970_1
23968,240,1,37990_1
24063,254,1,38287_1
24063,326,1,38298_1
24063,350,1,38300_1
24063,312,1,38306_1
24063,330,1,38308_1
24063,394,1,38311_1
24063,435,1,38314_1
24063,595,1,38316_1
24064,1069,1,38319_1
24146,302,1,38628_1
24146,346,1,38631_1
24146,355,1,38634_1
24146,374,1,38636_1
24150,453,1,38645_1
24151,284,1,38650_1
24151,325,1,38653_1
24151,354,1,38655_1
24151,391,1,38658_1
24151,477,1,38661_1
24153,202,1,38663_1
24172,305,1,38688_1
24172,350,1,38690_1
24172,433,1,38693_1
24183,334,1,38775_1
24183,338,1,38777_1
24183,413,1,38781_1
24189,616,1,38838_1
24208,279,1,38853_1
24212,369,1,38856_1
24212,308,1,38858_1
24216,544,1,38861_1
24228,976,1,38894_1
24228,976,1,38894_2
24228,976,1,38894_3
24228,976,1,38894_4
24228,976,1,38896_1
24228,976,1,38896_2
24228,976,1,38896_3
24228,976,1,38896_4
24228,976,1,38899_1
24228,976,1,38899_2
24228,976,1,38899_3
24228,976,1,38899_4
24228,976,1,38902_1
24228,976,1,38902_2
24228,976,1,38902_3
24228,976,1,38902_4
24228,976,1,38904_1
24228,976,1,38904_2
24228,976,1,38904_3
24228,976,1,38904_4
24228,976,1,38907_1
24228,976,1,38907_2
24228,976,1,38907_3
24228,976,1,38907_4
24228,976,1,38910_1
24228,976,1,38910_2
24228,976,1,38910_3
24228,976,1,38910_4
24228,976,1,38912_1
24228,976,1,38912_2
24228,976,1,38912_3
24228,976,1,38912_4
24228,976,1,38915_1
24228,976,1,38915_2
24228,976,1,38915_3
24228,976,1,38915_4
24228,976,1,38918_1
24228,976,1,38918_2
24228,976,1,38918_3
24228,976,1,38918_4
24228,976,1,38920_1
24228,976,1,38920_2
24228,976,1,38920_3
24228,976,1,38920_4
24231,453,1,38940_1
24231,453,1,38940_2
24231,529,1,38943_1
24231,529,1,38943_2
24231,549,1,38945_1
24231,549,1,38945_2
24235,1118,1,38948_1
24235,1118,1,38948_2
24235,424,1,38951_1
24235,424,1,38951_2
24235,496,1,38953_1
24235,496,1,38953_2
24235,758,1,38956_1
24235,758,1,38956_2
24235,885,1,38959_1
24235,885,1,38959_2
24235,899,1,38961_1
24235,899,1,38961_2
24243,536,1,38964_1
24253,629,1,39007_1
24257,947,1,39009_1
24257,947,1,39009_2
24257,947,1,39009_3
24257,947,1,39009_4
24272,932,1,39049_1
24272,932,1,39049_2
24272,932,1,39049_3
24272,932,1,39049_4
24272,932,1,39052_1
24272,932,1,39052_2
24272,932,1,39052_3
24272,932,1,39052_4
24281,317,1,39057_1
24293,447,1,39069_1
24297,3576,1,39074_1
24297,3576,1,39074_2
24297,482,1,39076_1
24297,482,1,39076_2
24306,555,1,39098_1
24306,555,1,39098_2
24310,474,1,39101_1
24310,474,1,39101_2
24310,593,1,39103_1
24310,593,1,39103_2
24310,764,1,39106_1
24310,764,1,39106_2
24310,803,1,39109_1
24310,803,1,39109_2
24318,586,1,39111_1
24318,586,1,39111_2
24324,524,1,39114_1
24324,524,1,39114_2
24328,429,1,39117_1
24328,429,1,39117_2
24328,593,1,39119_1
24328,593,1,39119_2
24335,435,1,39122_1
24343,388,1,39137_1
24343,901,1,39139_1
24343,901,1,39139_2
24343,901,1,39139_3
24343,426,1,39147_1
24343,426,1,39147_2
24343,462,1,39149_1
24343,462,1,39149_2
24343,774,1,39152_1
24343,774,1,39152_2
24343,674,1,39161_1
24346,341,1,39163_1
24346,270,1,39167_1
24346,431,1,39176_1
24357,431,1,39179_1
24357,404,1,39187_1
24357,873,1,39204_1
24361,845,1,39207_1
24361,878,1,39210_1
24361,878,1,39210_2
24361,878,1,39210_3
24361,820,1,39212_1
24361,275,1,39216_1
24361,356,1,39219_1
24361,454,1,39227_1
24365,534,1,39230_1
24365,534,1,39230_2
24365,611,1,39233_1
24365,611,1,39233_2
24486,271,1,39361_1
24486,1282,1,39364_1
24486,1833,1,39366_1
24504,632,1,39370_1
24542,1876,1,39373_1
24582,201,1,39389_1
24593,413,1,39393_1
24609,2133,1,39396_1
24609,2133,1,39396_2
24619,2549,1,39400_1
24619,844,1,39402_1
24642,960,1,39406_1
24642,960,1,39406_2
24686,334,1,39460_1
24732,666,1,39512_1
24809,190,1,39666_1
24812,269,1,39673_1
24832,465,1,39735_1
24832,465,1,39735_2
24832,465,1,39735_3
24832,465,1,39735_4
24832,466,1,39738_1
24832,466,1,39738_2
24832,466,1,39738_3
24832,466,1,39738_4
24832,466,1,39740_1
24832,466,1,39740_2
24832,466,1,39740_3
24832,466,1,39740_4
24834,608,1,39743_1
24844,194,1,39804_1
24848,754,1,39829_1
24856,279,1,39835_1
24856,290,1,39841_1
24856,298,1,39843_1
24856,254,1,39849_1
24856,289,1,39854_1
24858,273,1,39862_1
24860,267,1,39865_1
24860,292,1,39870_1
24860,300,1,39873_1
24860,1341,1,39875_1
24908,212,1,40020_1
24908,212,1,40020_2
24909,212,1,40029_1
24909,212,1,40029_2
24915,635,1,40040_1
24945,249,1,40099_1
24945,249,1,40099_2
24945,249,1,40099_3
24952,250,1,40113_1
24952,250,1,40113_2
24961,314,1,40135_1
24961,314,1,40135_2
24961,233,1,40141_1
24961,233,1,40141_2
24963,259,1,40145_1
24963,259,1,40145_2
24964,231,1,40148_1
24964,231,1,40148_2
24969,227,1,40157_1
24990,478,1,40179_1
24990,593,1,40181_1
25002,288,1,40198_1
25003,350,1,40201_1
25010,302,1,40208_1
25010,302,1,40208_2
25012,491,1,40213_1
25019,345,1,40295_1
25021,574,1,40298_1
25021,555,1,40300_1
25021,568,1,40303_1
25021,568,1,40306_1
25021,580,1,40308_1
25021,756,1,40311_1
25024,682,1,40314_1
25048,499,1,40336_1
25048,499,1,40336_2
25091,526,1,40362_1
25091,526,1,40362_2
25091,526,1,40362_3
25091,526,1,40362_4
25091,526,1,40365_1
25091,526,1,40365_2
25091,526,1,40365_3
25091,526,1,40365_4
25091,526,1,40367_1
25091,526,1,40367_2
25091,526,1,40367_3
25091,526,1,40367_4
25091,526,1,40370_1
25091,526,1,40370_2
25091,526,1,40370_3
25091,526,1,40370_4
25096,214,1,40373_1
25096,214,1,40373_2
25096,261,1,40376_1
25098,1101,1,40436_1
25098,752,1,40438_1
25098,566,1,40441_1
25098,566,1,40441_2
25098,1491,1,40444_1
25098,195,1,40446_1
25103,273,1,40449_1
25103,580,1,40453_1
25103,607,1,40455_1
25103,607,1,40455_2
25103,3039,1,40458_1
25103,1366,1,40461_1
25103,792,1,40463_1
25108,509,1,40466_1
25108,509,1,40466_2
25108,509,1,40466_3
25108,509,1,40466_4
25111,258,1,40471_1
25116,501,1,40477_1
25116,501,1,40477_2
25116,501,1,40477_3
25116,501,1,40477_4
25122,268,1,40479_1
25129,261,1,40488_1
25134,297,1,40496_1
25182,398,1,40580_1
25182,398,1,40580_2
25194,325,1,40585_1
25194,325,1,40585_2
25259,328,1,40769_1
25259,328,1,40769_2
25267,185,1,40799_1
25267,185,1,40799_2
25267,452,1,40801_1
25267,452,1,40801_2
25267,452,1,40801_3
25267,452,1,40801_4
25270,448,1,40810_1
25270,448,1,40810_2
25270,448,1,40810_3
25270,448,1,40810_4
25274,182,1,40816_1
25274,182,1,40816_2
25310,662,1,40873_1
25310,662,1,40873_2
25369,321,1,40920_1
25369,336,1,40923_1
25369,431,1,40926_1
25369,476,1,40928_1
25369,634,1,40931_1
25386,271,1,40939_1
25401,1630,1,40941_1
25408,376,1,40954_1
25408,397,1,40957_1
25408,440,1,40959_1
25408,657,1,40962_1
25408,943,1,40965_1
25424,414,1,40967_1
25468,272,1,40975_1
25468,272,1,40975_2
25468,272,1,40975_3
25468,272,1,40975_4
25481,2060,1,40978_1
25481,955,1,40980_1
25481,459,1,40983_1
25493,183,1,40990_1
25506,859,1,40992_1
25506,938,1,40995_1
25506,968,1,40998_1
25506,852,1,41000_1
25506,898,1,41003_1
25506,938,1,41006_1
25506,941,1,41008_1
25506,953,1,41011_1
25506,984,1,41014_1
25509,822,1,41016_1
25509,849,1,41019_1
25509,1018,1,41022_1
25509,1152,1,41024_1
25509,968,1,41027_1
25509,1008,1,41030_1
25509,1026,1,41032_1
25509,1125,1,41035_1
25509,1163,1,41038_1
25509,945,1,41040_1
25509,975,1,41043_1
25514,1513,1,41046_1
25514,1431,1,41048_1
25514,633,1,41051_1
25514,1972,1,41054_1
25514,1972,1,41054_2
25534,303,1,41075_1
25534,389,1,41078_1
25540,16013,1,41094_1
25540,16522,1,41097_1
25540,13943,1,41100_1
25540,15717,1,41102_1
25543,17795,1,41105_1
25574,595,1,41113_1
25592,520,1,41125_1
25605,426,1,41162_1
25605,1011,1,41165_1
25605,464,1,41167_1
25605,2114,1,41170_1
25714,464,1,41429_1
25714,651,1,41432_1
25714,1070,1,41436_1
25714,1070,1,41436_2
25714,1070,1,41436_3
25714,964,1,41438_1
25714,964,1,41438_2
25720,9676,1,41442_1
25720,9676,1,41442_2
25720,9676,1,41442_3
25720,9676,1,41442_4
25720,9677,1,41445_1
25720,9677,1,41445_2
25720,9677,1,41445_3
25720,9677,1,41445_4
25720,9677,1,41447_1
25720,9677,1,41447_2
25720,9677,1,41447_3
25720,9677,1,41447_4
25720,9677,1,41450_1
25720,9677,1,41450_2
25720,9677,1,41450_3
25720,9677,1,41450_4
25720,9677,1,41453_1
25720,9677,1,41453_2
25720,9677,1,41453_3
25720,9677,1,41453_4
25720,9677,1,41455_1
25720,9677,1,41455_2
25720,9677,1,41455_3
25720,9677,1,41455_4
25720,9677,1,41458_1
25720,9677,1,41458_2
25720,9677,1,41458_3
25720,9677,1,41458_4
25720,9677,1,41461_1
25720,9677,1,41461_2
25720,9677,1,41461_3
25720,9677,1,41461_4
25721,9675,1,41486_1
25721,9675,1,41486_2
25721,9675,1,41486_3
25721,9675,1,41486_4
25721,9675,1,41489_1
25721,9675,1,41489_2
25721,9675,1,41489_3
25721,9675,1,41489_4
25721,9676,1,41492_1
25721,9676,1,41492_2
25721,9676,1,41492_3
25721,9676,1,41492_4
25721,9676,1,41494_1
25721,9676,1,41494_2
25721,9676,1,41494_3
25721,9676,1,41494_4
25721,9676,1,41497_1
25721,9676,1,41497_2
25721,9676,1,41497_3
25721,9676,1,41497_4
25749,11029,1,41520_1
25749,1580,1,41522_1
25760,4712,1,41526_1
25760,5358,1,41529_1
25760,5737,1,41531_1
25760,3906,1,41534_1
25760,5856,1,41537_1
25760,6911,1,41539_1
25762,6708,1,41542_1
25762,9969,1,41545_1
25762,5355,1,41547_1
25762,6630,1,41550_1
25762,6892,1,41553_1
25762,7092,1,41555_1
25762,9667,1,41558_1
25762,7362,1,41561_1
25764,5650,1,41563_1
25764,7162,1,41566_1
25764,5142,1,41569_1
25777,532,1,41580_1
25777,532,1,41580_2
25777,532,1,41580_3
25777,532,1,41580_4
25777,533,1,41583_1
25777,533,1,41583_2
25777,533,1,41583_3
25777,533,1,41583_4
25781,253,1,41592_1
25788,521,1,41594_1
25792,9605,1,41597_1
25792,9605,1,41597_2
25792,9605,1,41597_3
25792,9605,1,41597_4
25794,526,1,41600_1
25794,679,1,41602_1
25794,718,1,41605_1
25794,744,1,41608_1
25794,764,1,41610_1
25794,550,1,41613_1
25798,9599,1,41616_1
25798,9599,1,41616_2
25798,9599,1,41616_3
25798,9599,1,41616_4
25798,9599,1,41618_1
25798,9599,1,41618_2
25798,9599,1,41618_3
25798,9599,1,41618_4
25798,9600,1,41621_1
25798,9600,1,41621_2
25798,9600,1,41621_3
25798,9600,1,41621_4
25803,186,1,41630_1
25803,186,1,41630_2
25839,243,1,41697_1
25839,218,1,41709_1
25905,210,1,41817_1
25905,210,1,41817_2
25905,210,1,41817_3
25905,210,1,41817_4
25932,350,1,41869_1
25954,648,1,41883_1
26059,670,1,42003_1
26059,426,1,42008_1
26063,2083,1,42011_1
26063,2313,1,42013_1
26063,2892,1,42016_1
26090,240,1,42045_1
26090,240,1,42045_2
26090,240,1,42045_3
26090,240,1,42045_4
26136,916,1,42089_1
26136,916,1,42089_2
26139,1685,1,42092_1
26139,2034,1,42095_1
26139,2130,1,42097_1
26139,2318,1,42100_1
26139,2214,1,42103_1
26141,1519,1,42105_1
26141,1815,1,42108_1
26141,1878,1,42111_1
26141,2053,1,42113_1
26141,2359,1,42116_1
26143,253,1,42119_1
26143,445,1,42121_1
26143,589,1,42125_1
26145,1844,1,42128_1
26145,2131,1,42130_1
26145,299,1,42133_1
26149,464,1,42136_1
26154,231,1,42141_1
26154,740,1,42144_1
26154,938,1,42148_1
26154,714,1,42150_1
26160,1738,1,42153_1
26160,1998,1,42156_1
26160,2132,1,42158_1
26160,2223,1,42161_1
26160,2420,1,42164_1
26163,1840,1,42166_1
26163,2236,1,42169_1
26166,1824,1,42172_1
26166,2009,1,42174_1
26166,2280,1,42177_1
26166,2430,1,42180_1
26166,2032,1,42182_1
26171,866,1,42195_1
26193,559,1,42225_1
26193,1571,1,42227_1
26200,620,1,42240_1
26239,207,1,42274_1
26292,314,1,42316_1
26311,241,1,42335_1
26311,241,1,42335_2
26311,241,1,42335_3
26311,241,1,42335_4
26311,241,1,42340_1
26311,241,1,42340_2
26311,241,1,42340_3
26311,241,1,42340_4
26311,241,1,42345_1
26311,241,1,42345_2
26311,241,1,42345_3
26311,241,1,42345_4
26371,438,1,42412_1
26382,689,1,42426_1
26394,544,1,42429_1
26394,659,1,42431_1
26394,4947,1,42434_1
26394,4947,1,42434_2
26394,4947,1,42434_3
26394,4947,1,42434_4
26401,575,1,42456_1
26404,615,1,42460_1
26407,794,1,42463_1
26413,283,1,42466_1
26417,362,1,42468_1
26425,514,1,42472_1
26425,696,1,42475_1
26425,724,1,42477_1
26427,1848,1,42480_1
26456,568,1,42504_1
26464,478,1,42506_1
26464,1113,1,42511_1
26464,1113,1,42511_2
26464,685,1,42514_1
26464,685,1,42514_2
26464,855,1,42516_1
26464,855,1,42516_2
26464,984,1,42519_1
26464,984,1,42519_2
26464,786,1,42522_1
26464,786,1,42522_2
26504,218,1,42542_1
26577,617,1,42578_1
26588,797,1,42587_1
26598,695,1,42592_1
26598,695,1,42592_2
26606,352,1,42596_1
26616,300,1,42600_1
26616,300,1,42600_2
26616,300,1,42600_3
26616,300,1,42600_4
26616,300,1,42603_1
26616,300,1,42603_2
26616,300,1,42603_3
26616,300,1,42603_4
26616,300,1,42605_1
26616,300,1,42605_2
26616,300,1,42605_3
26616,300,1,42605_4
26630,1168,1,42609_1
26630,1168,1,42609_2
26630,1002,1,42612_1
26630,1002,1,42612_2
26630,1037,1,42614_1
26630,1037,1,42614_2
26630,1147,1,42617_1
26630,1147,1,42617_2
26630,928,1,42620_1
26630,928,1,42620_2
26630,1014,1,42622_1
26630,1014,1,42622_2
26635,282,1,42636_1
26635,282,1,42636_2
26635,282,1,42636_3
26635,282,1,42636_4
26766,301,1,42715_1
26770,696,1,42718_1
26770,780,1,42720_1
26772,700,1,42723_1
26802,960,1,42731_1
26802,650,1,42736_1
26802,650,1,42736_2
26815,311,1,42741_1
26819,191,1,42743_1
26896,308,1,42810_1
26896,459,1,42815_1
26896,1815,1,42823_1
26911,199,1,42826_1
26911,588,1,42829_1
26911,1561,1,42835_1
26920,4421,1,42838_1
26920,4421,1,42838_2
26920,4421,1,42838_3
26920,4421,1,42838_4
26924,780,1,42841_1
26967,274,1,42892_1
27008,201,1,42997_1
27021,230,1,43024_1
27021,228,1,43027_1
27033,887,1,43039_1
27033,887,1,43039_2
27116,197,1,43111_1
27138,737,1,43163_1
27138,737,1,43163_2
27202,782,1,43204_1
27210,212,1,43208_1
27210,227,1,43211_1
27268,399,1,43264_1
27268,795,1,43266_1
27268,795,1,43266_2
27312,294,1,43296_1
27312,829,1,43298_1
27312,3058,1,43301_1
27317,336,1,43306_1
27317,336,1,43306_2
27317,336,1,43306_3
27317,336,1,43306_4
27317,2272,1,43308_1
27317,2272,1,43308_2
27317,2272,1,43308_3
27317,2272,1,43308_4
27317,2272,1,43308_5
27317,2272,1,43308_6
27317,2272,1,43308_7
27317,2272,1,43308_8
27317,2272,1,43308_9
27317,2272,1,43308_10
27317,2272,1,43308_11
27317,2272,1,43308_12
27376,1624,1,43332_1
27387,582,1,43347_1
27387,582,1,43347_2
27387,582,1,43347_3
27387,582,1,43347_4
27452,522,1,43356_1
27452,522,1,43356_2
27452,522,1,43356_3
27452,522,1,43356_4
27452,522,1,43359_1
27452,522,1,43359_2
27452,522,1,43359_3
27452,522,1,43359_4
27452,522,1,43361_1
27452,522,1,43361_2
27452,522,1,43361_3
27452,522,1,43361_4
27452,522,1,43364_1
27452,522,1,43364_2
27452,522,1,43364_3
27452,522,1,43364_4
27452,522,1,43367_1
27452,522,1,43367_2
27452,522,1,43367_3
27452,522,1,43367_4
27452,522,1,43369_1
27452,522,1,43369_2
27452,522,1,43369_3
27452,522,1,43369_4
27488,613,1,43380_1
27500,613,1,43393_1
27500,613,1,43393_2
27500,609,1,43396_1
27500,609,1,43396_2
27574,2270,1,43413_1
27646,847,1,43423_1
27646,1400,1,43435_1
27661,554,1,43448_1
27710,323,1,43479_1
27759,428,1,43517_1
27759,428,1,43517_2
27759,512,1,43522_1
27759,512,1,43522_2
27759,512,1,43522_3
27759,512,1,43522_4
28284,508,1,44010_1
28284,508,1,44010_2
28284,744,1,44012_1
28284,744,1,44012_2
28286,537,1,44015_1
28286,537,1,44015_2
28286,537,1,44015_3
28286,537,1,44015_4
28286,537,1,44018_1
28286,537,1,44018_2
28286,537,1,44018_3
28286,537,1,44018_4
28286,537,1,44020_1
28286,537,1,44020_2
28286,537,1,44020_3
28286,537,1,44020_4
28286,537,1,44023_1
28286,537,1,44023_2
28286,537,1,44023_3
28286,537,1,44023_4
28286,537,1,44026_1
28286,537,1,44026_2
28286,537,1,44026_3
28286,537,1,44026_4
28286,537,1,44028_1
28286,537,1,44028_2
28286,537,1,44028_3
28286,537,1,44028_4
28308,692,1,44067_1
28308,776,1,44070_1
28308,888,1,44072_1
28308,888,1,44072_2
28446,513,1,44125_1
28486,510,1,44193_1
28486,510,1,44193_2
28486,510,1,44193_3
28486,510,1,44193_4
28487,509,1,44195_1
28487,509,1,44195_2
28487,509,1,44195_3
28487,509,1,44195_4
28489,506,1,44198_1
28489,506,1,44198_2
28489,506,1,44198_3
28489,506,1,44198_4
28489,506,1,44201_1
28489,506,1,44201_2
28489,506,1,44201_3
28489,506,1,44201_4
28492,390,1,44212_1
28492,849,1,44215_1
28492,849,1,44215_2
28510,200,1,44311_1
28510,213,1,44316_1
28510,222,1,44321_1
28510,235,1,44327_1
28510,238,1,44332_1
28510,239,1,44337_1
29071,342,1,45280_1
29071,724,1,45283_1
29071,724,1,45283_2
29079,1480,1,45293_1
29079,1480,1,45293_2
29079,1480,1,45293_3
29079,1480,1,45293_4
29118,623,1,45337_1
29225,525,1,45441_1
29225,1830,1,45443_1
29225,1983,1,45448_1
29225,1983,1,45448_2
29225,1983,1,45448_3
29225,1983,1,45448_4
29225,432,1,45451_1
29225,659,1,45454_1
29225,659,1,45454_2
29230,861,1,45457_1
29254,377,1,45538_1
29254,611,1,45540_1
29352,562,1,45718_1
29352,562,1,45718_2
29352,562,1,45718_3
29352,562,1,45718_4
29356,559,1,45721_1
29356,559,1,45721_2
29356,559,1,45721_3
29356,559,1,45721_4
29356,559,1,45723_1
29356,559,1,45723_2
29356,559,1,45723_3
29356,559,1,45723_4
29356,559,1,45726_1
29356,559,1,45726_2
29356,559,1,45726_3
29356,559,1,45726_4
29357,558,1,45729_1
29357,558,1,45729_2
29357,558,1,45729_3
29357,558,1,45729_4
29357,558,1,45731_1
29357,558,1,45731_2
29357,558,1,45731_3
29357,558,1,45731_4
29357,558,1,45734_1
29357,558,1,45734_2
29357,558,1,45734_3
29357,558,1,45734_4
29357,558,1,45737_1
29357,558,1,45737_2
29357,558,1,45737_3
29357,558,1,45737_4
29357,558,1,45739_1
29357,558,1,45739_2
29357,558,1,45739_3
29357,558,1,45739_4
29364,820,1,45742_1
29378,424,1,45745_1
29378,411,1,45747_1
29378,572,1,45750_1
29378,572,1,45750_2
29405,487,1,45816_1
29405,487,1,45816_2
29532,1234,1,45921_1
29532,1234,1,45921_2
29532,1234,1,45921_3
29532,664,1,45924_1
29532,664,1,45924_2
29532,664,1,45924_3
29537,1020,1,45928_1
29537,1020,1,45928_2
29537,1020,1,45928_3
29542,1489,1,45931_1
29542,1489,1,45931_2
29542,1489,1,45931_3
29549,536,1,45934_1
29549,536,1,45934_2
29549,536,1,45934_3
29549,536,1,45934_4
29552,533,1,45937_1
29552,533,1,45937_2
29552,533,1,45937_3
29552,533,1,45937_4
29552,533,1,45939_1
29552,533,1,45939_2
29552,533,1,45939_3
29552,533,1,45939_4
29552,533,1,45942_1
29552,533,1,45942_2
29552,533,1,45942_3
29552,533,1,45942_4
29552,533,1,45945_1
29552,533,1,45945_2
29552,533,1,45945_3
29552,533,1,45945_4
29552,533,1,45947_1
29552,533,1,45947_2
29552,533,1,45947_3
29552,533,1,45947_4
29552,533,1,45950_1
29552,533,1,45950_2
29552,533,1,45950_3
29552,533,1,45950_4
29614,1242,1,46016_1
29614,1242,1,46016_2
29614,1242,1,46016_3
29620,1084,1,46019_1
29620,1084,1,46019_2
29620,1084,1,46019_3
29663,584,1,46115_1
29663,584,1,46115_2
29710,668,1,46197_1
29720,788,1,46208_1
29720,788,1,46208_2
29792,565,1,46274_1
29860,954,1,46329_1
29860,582,1,46331_1
29882,719,1,46344_1
29882,308,1,46347_1
29888,552,1,46357_1
29925,562,1,46392_1
29925,562,1,46392_2
29925,562,1,46392_3
29925,562,1,46392_4
29925,562,1,46395_1
29925,562,1,46395_2
29925,562,1,46395_3
29925,562,1,46395_4
29926,561,1,46397_1
29926,561,1,46397_2
29926,561,1,46397_3
29926,561,1,46397_4
29934,741,1,46427_1
29934,741,1,46427_2
29953,570,1,46447_1
29998,783,1,46518_1
29998,756,1,46521_1
29998,756,1,46521_2
30024,2454,1,46544_1
30024,2454,1,46544_2
30024,2454,1,46544_3
30024,2454,1,46544_4
30024,1102,1,46546_1
30024,1102,1,46546_2
30054,795,1,46574_1
30054,795,1,46574_2
30054,795,1,46574_3
30085,499,1,46594_1
30085,499,1,46594_2
30085,499,1,46594_3
30085,499,1,46594_4
30086,498,1,46596_1
30086,498,1,46596_2
30086,498,1,46596_3
30086,498,1,46596_4
30086,498,1,46599_1
30086,498,1,46599_2
30086,498,1,46599_3
30086,498,1,46599_4
30088,496,1,46602_1
30088,496,1,46602_2
30088,496,1,46602_3
30088,496,1,46602_4
30090,494,1,46604_1
30090,494,1,46604_2
30090,494,1,46604_3
30090,494,1,46604_4
30128,524,1,46635_1
30128,524,1,46635_2
30213,842,1,46748_1
30213,842,1,46748_2
30268,559,1,46826_1
30268,559,1,46826_2
30327,434,1,46884_1
30350,629,1,46913_1
30350,629,1,46913_2
30350,388,1,46927_1
30350,371,1,46930_1
30350,371,1,46930_2
30350,371,1,46930_3
30366,614,1,46946_1
30366,225,1,46949_1
30366,225,1,46949_2
30366,225,1,46949_3
30366,316,1,46952_1
30366,316,1,46952_2
30366,316,1,46952_3
30465,988,1,47126_1
30465,988,1,47126_2
30514,358,1,47141_1
30514,358,1,47141_2
30514,358,1,47141_3
30607,308,1,47225_1
30607,308,1,47225_2
30607,308,1,47225_3
30620,2553,1,47253_1
30620,2553,1,47253_2
30620,2553,1,47253_3
30620,486,1,47255_1
30664,655,1,47342_1
30664,452,1,47354_1
30707,319,1,47413_1
30722,499,1,47444_1
30732,784,1,47448_1
30746,535,1,47471_1
30774,384,1,47482_1
30843,472,1,47551_1
30843,472,1,47551_2
30843,747,1,47553_1
30851,1542,1,47558_1
30851,1542,1,47558_2
30851,1542,1,47558_3
30851,1542,1,47558_4
30889,690,1,47576_1
30910,756,1,47598_1
30910,756,1,47598_2
30975,393,1,47697_1
31020,1499,1,47754_1
31020,423,1,47756_1
31058,441,1,47777_1
31061,434,1,47780_1
31061,434,1,47780_2
31061,434,1,47780_3
31061,434,1,47780_4
31102,1294,1,47831_1
31102,1294,1,47831_2
31102,1294,1,47831_3
31116,415,1,47835_1
31174,1055,1,47891_1
31174,1055,1,47891_2
31174,353,1,47906_1
31207,640,1,47923_1
31207,640,1,47923_2
31244,979,1,47975_1
31244,979,1,47975_2
31244,784,1,47993_1
31299,424,1,48120_1
31340,1907,1,48164_1
31340,789,1,48166_1
31350,573,1,48217_1
31367,1051,1,48239_1
31367,1051,1,48239_2
31367,1051,1,48239_3
31367,490,1,48241_1
31384,1593,1,48250_1
31398,650,1,48260_1
31398,650,1,48260_2
31398,650,1,48260_3
31398,650,1,48260_4
31398,650,1,48262_1
31398,650,1,48262_2
31398,650,1,48262_3
31398,650,1,48262_4
31401,648,1,48265_1
31401,648,1,48265_2
31401,648,1,48265_3
31401,648,1,48265_4
31408,2098,1,48269_1
31408,2098,1,48269_2
31408,2098,1,48269_3
31408,1237,1,48271_1
31408,1237,1,48271_2
31408,1237,1,48271_3
31408,1237,1,48271_4
31423,7687,1,48277_1
31423,7687,1,48277_2
31423,7687,1,48277_3
31465,6660,1,48328_1
31465,6660,1,48328_2
31465,6660,1,48328_3
31477,576,1,48350_1
31477,576,1,48350_2
31486,849,1,48354_1
31486,849,1,48354_2
31492,1426,1,48358_1
31505,1283,1,48360_1
31505,1283,1,48360_2
31505,1283,1,48360_3
31513,2870,1,48369_1
31513,2870,1,48369_2
31513,2870,1,48369_3
31551,1542,1,48447_1
31594,766,1,48465_1
31638,387,1,48532_1
31655,443,1,48580_1
31703,868,1,48627_1
31703,879,1,48630_1
31703,988,1,48633_1
31703,867,1,48635_1
31703,1026,1,48638_1
31703,865,1,48641_1
31703,806,1,48643_1
31703,866,1,48646_1
31704,810,1,48649_1
31704,792,1,48651_1
31704,566,1,48654_1
31706,985,1,48657_1
31706,896,1,48659_1
31706,844,1,48662_1
31706,929,1,48665_1
31706,844,1,48667_1
31706,849,1,48670_1
31706,1005,1,48673_1
31706,879,1,48675_1
31706,893,1,48678_1
31707,844,1,48681_1
31707,976,1,48683_1
31707,938,1,48686_1
31707,953,1,48689_1
31707,869,1,48691_1
31709,1049,1,48694_1
31709,900,1,48697_1
31709,936,1,48699_1
31709,927,1,48702_1
31709,915,1,48705_1
31709,1063,1,48707_1
31709,932,1,48710_1
31710,828,1,48713_1
31710,967,1,48715_1
31710,842,1,48718_1
31710,964,1,48721_1
31710,822,1,48723_1
31710,961,1,48726_1
31710,870,1,48729_1
31710,841,1,48731_1
31710,870,1,48734_1
31710,1006,1,48737_1
31710,820,1,48739_1
31711,869,1,48742_1
31711,869,1,48745_1
31712,828,1,48747_1
31712,748,1,48750_1
31712,988,1,48753_1
31725,772,1,48763_1
31725,855,1,48766_1
31725,763,1,48769_1
31725,820,1,48771_1
31725,936,1,48774_1
31725,853,1,48777_1
31725,909,1,48779_1
31725,807,1,48782_1
31725,904,1,48785_1
31725,819,1,48787_1
31725,853,1,48790_1
31725,784,1,48793_1
31727,833,1,48795_1
31727,789,1,48798_1
31727,837,1,48801_1
31727,940,1,48803_1
31727,994,1,48806_1
31733,1110,1,48809_1
31733,955,1,48811_1
31733,860,1,48814_1
31733,1229,1,48817_1
31736,786,1,48819_1
31736,848,1,48822_1
31736,829,1,48825_1
31742,779,1,48830_1
31742,957,1,48833_1
31744,446,1,48848_1
31744,561,1,48850_1
31751,900,1,48853_1
31763,728,1,48859_1
31765,937,1,48861_1
31774,837,1,48865_1
31774,929,1,48868_1
31775,836,1,48870_1
31775,957,1,48873_1
31785,1001,1,48895_1
31785,1026,1,48897_1
31785,1315,1,48900_1
31785,447,1,48903_1
31785,764,1,48905_1
31785,796,1,48908_1
31785,833,1,48911_1
31785,871,1,48913_1
31785,398,1,48916_1
31789,518,1,48934_1
31789,518,1,48934_2
31790,483,1,48936_1
31790,483,1,48936_2
31792,510,1,48939_1
31792,510,1,48939_2
31798,1634,1,48946_1
31798,1634,1,48946_2
31798,511,1,48948_1
31798,511,1,48948_2
31800,405,1,48953_1
31800,405,1,48953_2
31800,528,1,48956_1
31800,528,1,48956_2
31800,592,1,48958_1
31800,592,1,48958_2
31800,786,1,48961_1
31800,786,1,48961_2
31803,565,1,48964_1
31803,565,1,48964_2
31803,398,1,48966_1
31803,398,1,48966_2
31803,500,1,48969_1
31803,500,1,48969_2
31803,633,1,48972_1
31803,633,1,48972_2
31803,655,1,48974_1
31803,655,1,48974_2
31803,732,1,48977_1
31803,732,1,48977_2
31806,531,1,48980_1
31806,531,1,48980_2
31806,559,1,48982_1
31806,559,1,48982_2
31843,415,1,49055_1
31843,415,1,49055_2
31843,554,1,49058_1
31843,554,1,49058_2
31847,475,1,49060_1
31847,475,1,49060_2
31851,775,1,49063_1
31851,775,1,49063_2
31851,700,1,49080_1
31858,678,1,49132_1
31858,678,1,49132_2
31864,391,1,49145_1
31864,391,1,49145_2
31868,576,1,49148_1
31868,576,1,49148_2
31879,805,1,49150_1
31879,558,1,49153_1
31915,1760,1,49199_1
31922,717,1,49204_1
31922,717,1,49204_2
31936,710,1,49227_1
31936,710,1,49227_2
31941,1976,1,49249_1
31948,567,1,49252_1
31968,521,1,49319_1
31968,556,1,49322_1
31968,648,1,49324_1
31968,750,1,49327_1
31973,536,1,49331_1
31973,564,1,49333_1
31974,519,1,49351_1
31974,743,1,49354_1
31976,489,1,49356_1
31976,702,1,49359_1
31977,723,1,49379_1
31983,765,1,49384_1
31985,1099,1,49387_1
31987,1195,1,49390_1
31987,1345,1,49392_1
31987,1410,1,49395_1
31987,1593,1,49398_1
31987,1838,1,49400_1
31987,2523,1,49403_1
31994,533,1,49421_1
31994,593,1,49423_1
31994,756,1,49426_1
31996,483,1,49433_1
31996,720,1,49435_1
32021,662,1,49497_1
32077,768,1,49646_1
32077,768,1,49646_2
32077,411,1,49649_1
32108,516,1,49677_1
32108,516,1,49677_2
32149,228,1,49712_1
32173,438,1,49762_1
32173,438,1,49762_2
32178,2288,1,49764_1
32178,2677,1,49767_1
32181,361,1,49770_1
32181,361,1,49770_2
32256,499,1,49804_1
32256,499,1,49804_2
32256,990,1,49807_1
32280,458,1,49810_1
32280,458,1,49810_2
32306,407,1,49812_1
32306,407,1,49812_2
32319,460,1,49815_1
32319,460,1,49815_2
32324,471,1,49818_1
32324,471,1,49818_2
32327,574,1,49820_1
32327,574,1,49820_2
32327,886,1,49823_1
32327,886,1,49823_2
32327,2495,1,49833_1
32327,2495,1,49833_2
32327,2495,1,49833_3
32327,4880,1,49835_1
32327,4880,1,49835_2
32327,4880,1,49835_3
32327,937,1,49838_1
32327,404,1,49841_1
32327,508,1,49843_1
32327,582,1,49846_1
32331,1147,1,49853_1
32336,1019,1,49855_1
32336,1019,1,49855_2
32340,949,1,49859_1
32340,949,1,49859_2
32340,528,1,49864_1
32340,570,1,49866_1
32342,189,1,49872_1
32342,189,1,49872_2
32342,189,1,49872_3
32342,189,1,49872_4
32342,189,1,49877_1
32342,189,1,49877_2
32342,189,1,49877_3
32342,189,1,49877_4
32342,189,1,49882_1
32342,189,1,49882_2
32342,189,1,49882_3
32342,189,1,49882_4
32350,902,1,49904_1
32369,6191,1,49931_1
32369,8350,1,49934_1
32369,9314,1,49937_1
32369,9511,1,49939_1
32371,254,1,49950_1
32385,319,1,50005_1
32392,185,1,50010_1
32392,291,1,50017_1
32392,314,1,50019_1
32392,346,1,50022_1
32402,200,1,50035_1
32409,205,1,50072_1
32409,260,1,50077_1
32409,335,1,50080_1
32409,355,1,50082_1
32422,183,1,50109_1
32447,214,1,50156_1
32468,321,1,50173_1
32562,283,1,50425_1
32562,283,1,50425_2
32562,283,1,50425_3
32562,283,1,50425_4
32562,272,1,50428_1
32582,264,1,50477_1
32582,264,1,50477_2
32582,264,1,50477_3
32582,264,1,50477_4
32582,264,1,50482_1
32582,264,1,50482_2
32582,264,1,50482_3
32582,264,1,50482_4
32582,264,1,50487_1
32582,264,1,50487_2
32582,264,1,50487_3
32582,264,1,50487_4
32584,4160,1,50493_1
32584,4160,1,50493_2
32584,4160,1,50493_3
32595,832,1,50520_1
32595,832,1,50520_2
32595,416,1,50523_1
32603,7033,1,50528_1
32615,4963,1,50544_1
32615,5216,1,50547_1
32615,5474,1,50550_1
32615,5770,1,50552_1
32615,5927,1,50555_1
32615,5086,1,50558_1
32615,6055,1,50560_1
32618,4701,1,50563_1
32618,5670,1,50566_1
32618,5536,1,50568_1
32620,1037,1,50571_1
32620,1037,1,50571_2
32620,1037,1,50571_3
32620,1037,1,50571_4
32622,4946,1,50574_1
32622,5109,1,50576_1
32622,5408,1,50579_1
32622,6524,1,50582_1
32625,4713,1,50584_1
32628,5342,1,50589_1
32628,5735,1,50592_1
32628,6172,1,50594_1
32628,4526,1,50597_1
32647,1074,1,50610_1
32666,4078,1,50612_1
32666,4078,1,50612_2
32666,4078,1,50612_3
32678,4066,1,50615_1
32678,4066,1,50615_2
32678,4066,1,50615_3
32691,4053,1,50638_1
32691,4053,1,50638_2
32691,4053,1,50638_3
32702,4042,1,50640_1
32702,4042,1,50640_2
32702,4042,1,50640_3
32711,4033,1,50643_1
32711,4033,1,50643_2
32711,4033,1,50643_3
32727,4017,1,50647_1
32727,4017,1,50647_2
32727,4017,1,50647_3
32786,1058,1,50664_1
32816,1010,1,50667_1
32816,1010,1,50667_2
33058,191,1,50871_1
33058,214,1,50876_1
33058,252,1,50881_1
33058,296,1,50887_1
33067,3549,1,50889_1
33158,783,1,50989_1
33158,783,1,50989_2
33166,442,1,51003_1
33173,845,1,51019_1
33275,862,1,51160_1
33275,862,1,51160_2
33275,666,1,51163_1
33275,666,1,51163_2
33275,666,1,51163_3
33275,666,1,51163_4
33312,1350,1,51373_1
33312,1350,1,51373_2
33312,1350,1,51373_3
33312,1350,1,51373_4
33334,10461,1,51462_1
33334,11229,1,51465_1
33368,292,1,51629_1
33368,470,1,51632_1
33368,560,1,51635_1
33368,649,1,51637_1
33409,218,1,51678_1
33425,214,1,51684_1
33425,214,1,51684_2
33425,237,1,51690_1
33425,237,1,51690_2
33458,516,1,51700_1
33463,357,1,51702_1
33512,315,1,51760_1
33520,4265,1,51763_1
33555,189,1,51830_1
33555,223,1,51835_1
33622,222,1,51923_1
33622,222,1,51923_2
33667,3474,1,52026_1
33667,3474,1,52026_2
33667,3474,1,52026_3
33702,212,1,52071_1
33702,212,1,52071_2
33718,657,1,52096_1
33718,657,1,52096_2
33718,6938,1,52098_1
33718,6938,1,52098_2
33758,851,1,52114_1
33758,851,1,52114_2
33806,197,1,52156_1
33817,268,1,52161_1
33817,268,1,52161_2
33861,191,1,52176_1
33861,191,1,52176_2
33902,243,1,52195_1
34023,2322,1,52258_1
34029,181,1,52273_1
34029,181,1,52273_2
34076,233,1,52319_1
34089,181,1,52332_1
34089,181,1,52332_2
34146,277,1,52416_1
34146,277,1,52416_2
34160,203,1,52449_1
34163,420,1,52461_1
34163,420,1,52461_2
34198,221,1,52475_1
34198,221,1,52475_2
34198,221,1,52475_3
34198,221,1,52480_1
34198,221,1,52480_2
34198,221,1,52480_3
34210,235,1,52487_1
34210,235,1,52487_2
34210,235,1,52487_3
34216,229,1,52492_1
34216,229,1,52492_2
34216,229,1,52492_3
34235,202,1,52554_1
34235,202,1,52554_2
34235,202,1,52554_3
34273,252,1,52598_1
34273,436,1,52600_1
34273,436,1,52600_2
34273,436,1,52600_3
34273,436,1,52600_4
34294,2450,1,52650_1
34294,2450,1,52650_2
34294,2450,1,52650_3
34301,240,1,52657_1
34301,240,1,52657_2
34355,2389,1,52719_1
34355,2389,1,52719_2
34355,2389,1,52719_3
34360,181,1,52725_1
34360,181,1,52725_2
34393,209,1,52770_1
34393,209,1,52770_2
34393,209,1,52770_3
34406,196,1,52780_1
34406,196,1,52780_2
34406,196,1,52780_3
34419,183,1,52800_1
34419,183,1,52800_2
34419,183,1,52800_3
34419,183,1,52805_1
34419,183,1,52805_2
34419,183,1,52805_3
34419,183,1,52810_1
34419,183,1,52810_2
34419,183,1,52810_3
34435,199,1,52817_1
34435,199,1,52817_2
34446,208,1,52824_1
34446,208,1,52824_2
34446,208,1,52824_3
34505,231,1,52874_1
34604,300,1,52936_1
34636,1505,1,52956_1
34636,1562,1,52958_1
34636,1534,1,52961_1
34636,1565,1,52964_1
34636,1576,1,52966_1
34636,1602,1,52969_1
34636,1621,1,52972_1
34636,1642,1,52974_1
34637,1575,1,52977_1
34637,1605,1,52980_1
34637,1620,1,52982_1
34637,1640,1,52985_1
34637,1531,1,52988_1
34637,1557,1,52990_1
34637,1578,1,52993_1
34637,1615,1,52996_1
34637,1624,1,52998_1
34637,1633,1,53001_1
34637,1650,1,53004_1
34638,1523,1,53006_1
34638,1571,1,53009_1
34638,1609,1,53012_1
34641,231,1,53014_1
34641,231,1,53014_2
34686,688,1,53078_1
34686,688,1,53078_2
34686,237,1,53081_1
34720,219,1,53129_1
34720,302,1,53134_1
34733,4133,1,53138_1
34733,4168,1,53140_1
34738,4217,1,53143_1
34749,933,1,53150_1
34767,2911,1,53210_1
34767,2911,1,53210_2
34767,2911,1,53210_3
34767,2911,1,53210_4
34767,2911,1,53210_5
34767,2911,1,53210_6
34792,1092,1,53262_1
34792,310,1,53264_1
34792,310,1,53264_2
34953,422,1,53583_1
34953,628,1,53586_1
34953,832,1,53588_1
34953,1091,1,53591_1
34953,774,1,53594_1
34953,886,1,53596_1
34953,450,1,53599_1
34960,211,1,53620_1
34960,211,1,53620_2
34994,2348,1,53632_1
35002,220,1,53643_1
35046,309,1,53729_1
35048,821,1,53732_1
35054,245,1,53766_1
35054,245,1,53766_2
35076,768,1,53786_1
35076,806,1,53788_1
35076,880,1,53791_1
35076,926,1,53794_1
35076,768,1,53796_1
35076,811,1,53799_1
35076,870,1,53802_1
35076,884,1,53804_1
35076,946,1,53807_1
35077,748,1,53810_1
35077,823,1,53812_1
35077,813,1,53815_1
35077,721,1,53818_1
35077,733,1,53820_1
35077,838,1,53823_1
35077,957,1,53826_1
35078,790,1,53828_1
35080,802,1,53831_1
35080,872,1,53834_1
35080,743,1,53836_1
35080,788,1,53839_1
35083,1846,1,53842_1
35083,1846,1,53842_2
35091,791,1,53844_1
35093,775,1,53851_1
35093,709,1,53854_1
35093,842,1,53856_1
35096,715,1,53859_1
35096,783,1,53862_1
35096,912,1,53864_1
35096,789,1,53867_1
35096,843,1,53870_1
35101,212,1,53872_1
35101,212,1,53872_2
35107,601,1,53882_1
35107,987,1,53885_1
35108,828,1,53887_1
35113,813,1,53890_1
35118,1259,1,53893_1
35118,1308,1,53895_1
35118,34020,1,53898_1
35118,34020,1,53898_2
35123,785,1,53901_1
35143,240,1,53923_1
35162,275,1,53928_1
35162,275,1,53928_2
35194,219,1,53970_1
35281,527,1,54084_1
35281,939,1,54087_1
35281,600,1,54099_1
35281,255,1,54101_1
35298,246,1,54113_1
35298,246,1,54113_2
35298,246,1,54113_3
35298,246,1,54113_4
35314,1429,1,54163_1
35314,1429,1,54163_2
35314,1429,1,54163_3
35314,754,1,54166_1
35314,806,1,54169_1
35314,1250,1,54171_1
35314,1268,1,54174_1
35318,1426,1,54178_1
35318,1426,1,54178_2
35318,1426,1,54178_3
35318,1426,1,54181_1
35318,1426,1,54181_2
35318,1426,1,54181_3
35324,1456,1,54189_1
35332,33806,1,54217_1
35332,33806,1,54217_2
35334,1409,1,54219_1
35334,1409,1,54219_2
35334,1409,1,54219_3
35334,1594,1,54222_1
35334,1594,1,54222_2
35334,1236,1,54225_1
35334,33804,1,54227_1
35334,33804,1,54227_2
35341,736,1,54237_1
35341,785,1,54240_1
35341,802,1,54242_1
35348,1395,1,54245_1
35348,1395,1,54245_2
35348,1395,1,54245_3
35348,825,1,54248_1
35348,1581,1,54250_1
35348,1581,1,54250_2
35348,1255,1,54253_1
35351,865,1,54256_1
35369,1560,1,54294_1
35369,1560,1,54294_2
35369,3811,1,54297_1
35413,734,1,54419_1
35424,1320,1,54425_1
35424,1320,1,54425_2
35424,1320,1,54425_3
35424,3819,1,54428_1
35427,1316,1,54431_1
35427,1316,1,54431_2
35427,1316,1,54431_3
35427,755,1,54433_1
35427,1502,1,54436_1
35427,1502,1,54436_2
35427,4005,1,54439_1
35427,1217,1,54441_1
35427,1237,1,54444_1
35428,1315,1,54447_1
35428,1315,1,54447_2
35428,1315,1,54447_3
35428,1501,1,54449_1
35428,1501,1,54449_2
35428,3835,1,54452_1
35428,1242,1,54455_1
35428,1252,1,54457_1
35438,1491,1,54467_1
35438,1491,1,54467_2
35442,1196,1,54470_1
35442,1211,1,54472_1
35446,1182,1,54475_1
35446,1178,1,54478_1
35446,1214,1,54480_1
35620,1093,1,54784_1
35620,222,1,54787_1
35620,1309,1,54791_1
35620,1309,1,54791_2
35700,1581,1,54935_1
35726,1685,1,54970_1
35743,268,1,54999_1
35752,251,1,55006_1
35757,1126,1,55008_1
35757,1172,1,55011_1
35757,1172,1,55011_2
35760,1063,1,55014_1
35760,983,1,55016_1
35760,983,1,55016_2
35760,983,1,55016_3
35819,4018,1,55111_1
35822,921,1,55114_1
35822,921,1,55114_2
35822,921,1,55114_3
35833,3711,1,55121_1
35833,1096,1,55124_1
35833,1096,1,55124_2
35840,1012,1,55130_1
35844,3830,1,55132_1
35859,885,1,55140_1
35859,885,1,55140_2
35859,885,1,55140_3
35864,1331,1,55143_1
35864,1198,1,55145_1
35864,1331,1,55148_1
35868,6642,1,55152_1
35868,6642,1,55152_2
35868,6642,1,55152_3
35868,1681,1,55155_1
35886,4743,1,55194_1
35886,4743,1,55194_2
35899,883,1,55202_1
35902,1087,1,55207_1
35914,830,1,55236_1
35914,830,1,55236_2
35914,830,1,55236_3
35926,818,1,55262_1
35926,818,1,55262_2
35926,818,1,55262_3
35931,183,1,55267_1
35952,792,1,55289_1
35952,792,1,55289_2
35952,792,1,55289_3
35964,1733,1,55293_1
35964,1351,1,55295_1
35964,780,1,55298_1
35964,780,1,55298_2
35964,780,1,55298_3
35973,3878,1,55304_1
35973,1346,1,55307_1
35977,1281,1,55310_1
35977,1313,1,55312_1
35977,1389,1,55315_1
35987,3713,1,55321_1
35987,1337,1,55323_1
36000,227,1,55341_1
36000,227,1,55341_2
36000,227,1,55341_3
36000,227,1,55341_4
