trace,arrival,lifespan,cores,ram,jobid,sim,reruns,sim_start,est_end,end,lived,nodenames
trace,617,6001.0,8.0,14.0,1.0,sim,0,617,6618.0,6618,6001,cloud50_node_13
trace,1225,6001.0,1.0,2.0,2.0,sim,0,1225,7226.0,7226,6001,cloud50_node_13
trace,1927,5545.0,4.0,7.0,22.0,sim,0,1927,7472.0,7472,5545,cloud50_node_11
trace,1935,5544.0,4.0,7.0,23.0,sim,0,1935,7479.0,7479,5544,cloud50_node_11
trace,1919,5593.0,1.0,2.0,20.0,sim,0,1919,7512.0,7512,5593,cloud50_node_14
trace,1904,5623.0,2.0,3.5,17.0,sim,0,1904,7527.0,7527,5623,cloud50_node_14
trace,1912,5616.0,1.0,2.0,19.0,sim,0,1912,7528.0,7528,5616,cloud50_node_14
trace,1897,5640.0,4.0,7.0,16.0,sim,0,1897,7537.0,7537,5640,cloud50_node_14
trace,1889,5665.0,1.0,2.0,14.0,sim,0,1889,7554.0,7554,5665,cloud50_node_14
trace,1874,5712.0,1.0,2.0,11.0,sim,0,1874,7586.0,7586,5712,cloud50_node_13
trace,1881,5707.0,8.0,14.0,13.0,sim,0,1881,7588.0,7588,5707,cloud50_node_14
trace,1866,5796.0,2.0,3.5,10.0,sim,0,1866,7662.0,7662,5796,cloud50_node_14
trace,1858,5820.0,2.0,3.5,8.0,sim,0,1858,7678.0,7678,5820,cloud50_node_14
trace,1850,5832.0,1.0,2.0,7.0,sim,0,1850,7682.0,7682,5832,cloud50_node_13
trace,2621,5101.0,4.0,7.0,40.0,sim,0,2621,7722.0,7722,5101,cloud50_node_03
trace,2629,5094.0,4.0,7.0,41.0,sim,0,2629,7723.0,7723,5094,cloud50_node_01
trace,2598,5131.0,1.0,2.0,35.0,sim,0,2598,7729.0,7729,5131,cloud50_node_11
trace,2606,5124.0,4.0,7.0,37.0,sim,0,2606,7730.0,7730,5124,cloud50_node_03
trace,2614,5118.0,8.0,14.0,38.0,sim,0,2614,7732.0,7732,5118,cloud50_node_03
trace,1842,5905.0,4.0,7.0,5.0,sim,0,1842,7747.0,7747,5905,cloud50_node_13
trace,1834,5922.0,1.0,2.0,4.0,sim,0,1834,7756.0,7756,5922,cloud50_node_13
trace,2590,5167.0,8.0,14.0,34.0,sim,0,2590,7757.0,7757,5167,cloud50_node_03
trace,2583,5182.0,1.0,2.0,32.0,sim,0,2583,7765.0,7765,5182,cloud50_node_11
trace,2575,5214.0,1.0,2.0,31.0,sim,0,2575,7789.0,7789,5214,cloud50_node_11
trace,2559,5305.0,2.0,3.5,28.0,sim,0,2559,7864.0,7864,5305,cloud50_node_11
trace,2567,5298.0,1.0,2.0,29.0,sim,0,2567,7865.0,7865,5298,cloud50_node_14
trace,2552,5350.0,2.0,3.5,26.0,sim,0,2552,7902.0,7902,5350,cloud50_node_14
trace,2544,5430.0,8.0,14.0,25.0,sim,0,2544,7974.0,7974,5430,cloud50_node_11
trace,3300,4987.0,2.0,3.5,55.0,sim,0,3300,8287.0,8287,4987,cloud50_node_08
trace,3284,5005.0,1.0,2.0,52.0,sim,0,3284,8289.0,8289,5005,cloud50_node_01
trace,3268,5023.0,1.0,2.0,49.0,sim,0,3268,8291.0,8291,5023,cloud50_node_01
trace,3261,5035.0,8.0,14.0,47.0,sim,0,3261,8296.0,8296,5035,cloud50_node_01
trace,3292,5005.0,2.0,3.5,53.0,sim,0,3292,8297.0,8297,5005,cloud50_node_01
trace,3276,5024.0,4.0,7.0,50.0,sim,0,3276,8300.0,8300,5024,cloud50_node_08
trace,3314,4987.0,8.0,14.0,56.0,sim,0,3314,8301.0,8301,4987,cloud50_node_08
trace,3253,5059.0,2.0,3.5,46.0,sim,0,3253,8312.0,8312,5059,cloud50_node_11
trace,3245,5083.0,8.0,14.0,44.0,sim,0,3245,8328.0,8328,5083,cloud50_node_01
trace,3237,5095.0,1.0,2.0,43.0,sim,0,3237,8332.0,8332,5095,cloud50_node_11
trace,4001,4818.0,4.0,7.0,73.0,sim,0,4001,8819.0,8819,4818,cloud50_node_04
trace,4008,4813.0,2.0,3.5,74.0,sim,0,4008,8821.0,8821,4813,cloud50_node_04
trace,3993,4855.0,2.0,3.5,71.0,sim,0,3993,8848.0,8848,4855,cloud50_node_20
trace,3985,4867.0,1.0,2.0,70.0,sim,0,3985,8852.0,8852,4867,cloud50_node_20
trace,3978,4908.0,2.0,3.5,68.0,sim,0,3978,8886.0,8886,4908,cloud50_node_20
trace,3954,4933.0,1.0,2.0,64.0,sim,0,3954,8887.0,8887,4933,cloud50_node_20
trace,3931,4958.0,1.0,2.0,59.0,sim,0,3931,8889.0,8889,4958,cloud50_node_08
trace,3962,4927.0,8.0,14.0,65.0,sim,0,3962,8889.0,8889,4927,cloud50_node_20
trace,3939,4951.0,2.0,3.5,61.0,sim,0,3939,8890.0,8890,4951,cloud50_node_20
trace,3923,4969.0,8.0,14.0,58.0,sim,0,3923,8892.0,8892,4969,cloud50_node_08
trace,3970,4922.0,8.0,14.0,67.0,sim,0,3970,8892.0,8892,4922,cloud50_node_20
trace,3946,4952.0,1.0,2.0,62.0,sim,0,3946,8898.0,8898,4952,cloud50_node_08
trace,4718,4542.0,8.0,14.0,95.0,sim,0,4718,9260.0,9260,4542,cloud50_node_09
trace,4710,4560.0,1.0,2.0,94.0,sim,0,4710,9270.0,9270,4560,cloud50_node_17
trace,4702,4590.0,8.0,14.0,92.0,sim,0,4702,9292.0,9292,4590,cloud50_node_09
trace,4694,4626.0,8.0,14.0,91.0,sim,0,4694,9320.0,9320,4626,cloud50_node_17
trace,4679,4662.0,2.0,3.5,88.0,sim,0,4679,9341.0,9341,4662,cloud50_node_17
trace,4686,4657.0,2.0,3.5,89.0,sim,0,4686,9343.0,9343,4657,cloud50_node_17
trace,4671,4699.0,1.0,2.0,86.0,sim,0,4671,9370.0,9370,4699,cloud50_node_17
trace,4655,4723.0,1.0,2.0,83.0,sim,0,4655,9378.0,9378,4723,cloud50_node_04
trace,4663,4717.0,8.0,14.0,85.0,sim,0,4663,9380.0,9380,4717,cloud50_node_17
trace,4648,4734.0,1.0,2.0,82.0,sim,0,4648,9382.0,9382,4734,cloud50_node_04
trace,4632,4753.0,4.0,7.0,79.0,sim,0,4632,9385.0,9385,4753,cloud50_node_04
trace,4640,4751.0,2.0,3.5,80.0,sim,0,4640,9391.0,9391,4751,cloud50_node_04
trace,4617,4788.0,2.0,3.5,76.0,sim,0,4617,9405.0,9405,4788,cloud50_node_04
trace,4624,4789.0,8.0,14.0,77.0,sim,0,4624,9413.0,9413,4789,cloud50_node_04
trace,5413,4176.0,2.0,3.5,113.0,sim,0,5413,9589.0,9589,4176,cloud50_node_12
trace,5405,4201.0,1.0,2.0,112.0,sim,0,5405,9606.0,9606,4201,cloud50_node_12
trace,5397,4213.0,8.0,14.0,110.0,sim,0,5397,9610.0,9610,4213,cloud50_node_12
trace,5389,4255.0,4.0,7.0,109.0,sim,0,5389,9644.0,9644,4255,cloud50_node_12
trace,5381,4297.0,2.0,3.5,107.0,sim,0,5381,9678.0,9678,4297,cloud50_node_09
trace,5373,4327.0,2.0,3.5,106.0,sim,0,5373,9700.0,9700,4327,cloud50_node_09
trace,5365,4417.0,1.0,2.0,104.0,sim,0,5365,9782.0,9782,4417,cloud50_node_09
trace,5357,4427.0,1.0,2.0,103.0,sim,0,5357,9784.0,9784,4427,cloud50_node_09
trace,5350,4453.0,1.0,2.0,101.0,sim,0,5350,9803.0,9803,4453,cloud50_node_17
trace,5342,4470.0,8.0,14.0,100.0,sim,0,5342,9812.0,9812,4470,cloud50_node_12
trace,5334,4500.0,2.0,3.5,98.0,sim,0,5334,9834.0,9834,4500,cloud50_node_09
trace,5326,4524.0,1.0,2.0,97.0,sim,0,5326,9850.0,9850,4524,cloud50_node_17
trace,6118,3913.0,1.0,2.0,131.0,sim,0,6118,10031.0,10031,3913,cloud50_node_16
trace,6095,3942.0,1.0,2.0,127.0,sim,0,6095,10037.0,10037,3942,cloud50_node_18
trace,6110,3931.0,1.0,2.0,130.0,sim,0,6110,10041.0,10041,3931,cloud50_node_16
trace,6102,3943.0,8.0,14.0,128.0,sim,0,6102,10045.0,10045,3943,cloud50_node_18
trace,6086,3979.0,4.0,7.0,125.0,sim,0,6086,10065.0,10065,3979,cloud50_node_18
trace,6078,3997.0,1.0,2.0,124.0,sim,0,6078,10075.0,10075,3997,cloud50_node_18
trace,6070,4026.0,2.0,3.5,122.0,sim,0,6070,10096.0,10096,4026,cloud50_node_18
trace,6062,4050.0,1.0,2.0,121.0,sim,0,6062,10112.0,10112,4050,cloud50_node_18
trace,6041,4080.0,1.0,2.0,118.0,sim,0,6041,10121.0,10121,4080,cloud50_node_18
trace,6054,4069.0,4.0,7.0,119.0,sim,0,6054,10123.0,10123,4069,cloud50_node_18
trace,6033,4098.0,1.0,2.0,116.0,sim,0,6033,10131.0,10131,4098,cloud50_node_12
trace,6023,4111.0,2.0,3.5,115.0,sim,0,6023,10134.0,10134,4111,cloud50_node_18
trace,6841,3535.0,8.0,14.0,152.0,sim,0,6841,10376.0,10376,3535,cloud50_node_10
trace,6850,3529.0,1.0,2.0,154.0,sim,0,6850,10379.0,10379,3529,cloud50_node_16
trace,6833,3547.0,8.0,14.0,151.0,sim,0,6833,10380.0,10380,3547,cloud50_node_10
trace,6825,3559.0,8.0,14.0,149.0,sim,0,6825,10384.0,10384,3559,cloud50_node_19
trace,6818,3570.0,1.0,2.0,148.0,sim,0,6818,10388.0,10388,3570,cloud50_node_16
trace,6809,3595.0,8.0,14.0,146.0,sim,0,6809,10404.0,10404,3595,cloud50_node_19
trace,6802,3612.0,8.0,14.0,145.0,sim,0,6802,10414.0,10414,3612,cloud50_node_19
trace,6793,3649.0,8.0,14.0,143.0,sim,0,6793,10442.0,10442,3649,cloud50_node_16
trace,6785,3685.0,1.0,2.0,142.0,sim,0,6785,10470.0,10470,3685,cloud50_node_16
trace,6777,3721.0,1.0,2.0,140.0,sim,0,6777,10498.0,10498,3721,cloud50_node_16
trace,6764,3757.0,4.0,7.0,139.0,sim,0,6764,10521.0,10521,3757,cloud50_node_13
trace,6756,3787.0,1.0,2.0,137.0,sim,0,6756,10543.0,10543,3787,cloud50_node_13
trace,6746,3817.0,8.0,14.0,136.0,sim,0,6746,10563.0,10563,3817,cloud50_node_16
trace,6737,3847.0,1.0,2.0,134.0,sim,0,6737,10584.0,10584,3847,cloud50_node_13
trace,6729,3858.0,2.0,3.5,133.0,sim,0,6729,10587.0,10587,3858,cloud50_node_13
trace,7480,3493.0,8.0,14.0,158.0,sim,0,7480,10973.0,10973,3493,cloud50_node_11
trace,7492,3487.0,1.0,2.0,160.0,sim,0,7492,10979.0,10979,3487,cloud50_node_10
trace,7458,3523.0,2.0,3.5,155.0,sim,0,7458,10981.0,10981,3523,cloud50_node_16
trace,7472,3511.0,1.0,2.0,157.0,sim,0,7472,10983.0,10983,3511,cloud50_node_13
trace,7500,3488.0,8.0,14.0,161.0,sim,0,7500,10988.0,10988,3488,cloud50_node_02
trace,7525,3463.0,1.0,2.0,166.0,sim,0,7525,10988.0,10988,3463,cloud50_node_14
trace,7509,3480.0,2.0,3.5,163.0,sim,0,7509,10989.0,10989,3480,cloud50_node_10
trace,7573,3416.0,2.0,3.5,175.0,sim,0,7573,10989.0,10989,3416,cloud50_node_14
trace,7517,3475.0,2.0,3.5,164.0,sim,0,7517,10992.0,10992,3475,cloud50_node_10
trace,7565,3427.0,1.0,2.0,173.0,sim,0,7565,10992.0,10992,3427,cloud50_node_14
trace,7581,3415.0,1.0,2.0,176.0,sim,0,7581,10996.0,10996,3415,cloud50_node_14
trace,7534,3464.0,2.0,3.5,167.0,sim,0,7534,10998.0,10998,3464,cloud50_node_14
trace,7541,3457.0,1.0,2.0,169.0,sim,0,7541,10998.0,10998,3457,cloud50_node_10
trace,7589,3409.0,1.0,2.0,178.0,sim,0,7589,10998.0,10998,3409,cloud50_node_13
trace,7549,3458.0,2.0,3.5,170.0,sim,0,7549,11007.0,11007,3458,cloud50_node_10
trace,7557,3450.0,1.0,2.0,172.0,sim,0,7557,11007.0,11007,3450,cloud50_node_14
trace,8337,3188.0,2.0,3.5,205.0,sim,0,8337,11525.0,11525,3188,cloud50_node_11
trace,8300,3229.0,1.0,2.0,199.0,sim,0,8300,11529.0,11529,3229,cloud50_node_08
trace,8329,3206.0,2.0,3.5,203.0,sim,0,8329,11535.0,11535,3206,cloud50_node_14
trace,8321,3218.0,2.0,3.5,202.0,sim,0,8321,11539.0,11539,3218,cloud50_node_14
trace,8313,3229.0,1.0,2.0,200.0,sim,0,8313,11542.0,11542,3229,cloud50_node_11
trace,8268,3284.0,1.0,2.0,193.0,sim,0,8268,11552.0,11552,3284,cloud50_node_11
trace,8276,3278.0,8.0,14.0,194.0,sim,0,8276,11554.0,11554,3278,cloud50_node_14
trace,8284,3271.0,2.0,3.5,196.0,sim,0,8284,11555.0,11555,3271,cloud50_node_11
trace,8292,3265.0,2.0,3.5,197.0,sim,0,8292,11557.0,11557,3265,cloud50_node_11
trace,8245,3324.0,4.0,7.0,188.0,sim,0,8245,11569.0,11569,3324,cloud50_node_11
trace,8253,3321.0,2.0,3.5,190.0,sim,0,8253,11574.0,11574,3321,cloud50_node_11
trace,8260,3314.0,2.0,3.5,191.0,sim,0,8260,11574.0,11574,3314,cloud50_node_11
trace,8221,3354.0,1.0,2.0,184.0,sim,0,8221,11575.0,11575,3354,cloud50_node_01
trace,8229,3349.0,4.0,7.0,185.0,sim,0,8229,11578.0,11578,3349,cloud50_node_13
trace,8237,3342.0,2.0,3.5,187.0,sim,0,8237,11579.0,11579,3342,cloud50_node_13
trace,8213,3376.0,1.0,2.0,182.0,sim,0,8213,11589.0,11589,3376,cloud50_node_01
trace,8197,3400.0,1.0,2.0,179.0,sim,0,8197,11597.0,11597,3400,cloud50_node_01
trace,8205,3392.0,1.0,2.0,181.0,sim,0,8205,11597.0,11597,3392,cloud50_node_01
trace,9066,3024.0,1.0,2.0,229.0,sim,0,9066,12090.0,12090,3024,cloud50_node_01
trace,9074,3018.0,4.0,7.0,230.0,sim,0,9074,12092.0,12092,3018,cloud50_node_01
trace,9041,3063.0,2.0,3.5,224.0,sim,0,9041,12104.0,12104,3063,cloud50_node_01
trace,9050,3054.0,8.0,14.0,226.0,sim,0,9050,12104.0,12104,3054,cloud50_node_01
trace,8985,3122.0,1.0,2.0,214.0,sim,0,8985,12107.0,12107,3122,cloud50_node_04
trace,9057,3050.0,1.0,2.0,227.0,sim,0,9057,12107.0,12107,3050,cloud50_node_01
trace,9017,3092.0,8.0,14.0,220.0,sim,0,9017,12109.0,12109,3092,cloud50_node_02
trace,9001,3110.0,4.0,7.0,217.0,sim,0,9001,12111.0,12111,3110,cloud50_node_02
trace,9025,3086.0,4.0,7.0,221.0,sim,0,9025,12111.0,12111,3086,cloud50_node_02
trace,8993,3121.0,1.0,2.0,215.0,sim,0,8993,12114.0,12114,3121,cloud50_node_04
trace,8953,3166.0,2.0,3.5,208.0,sim,0,8953,12119.0,12119,3166,cloud50_node_14
trace,9010,3109.0,1.0,2.0,218.0,sim,0,9010,12119.0,12119,3109,cloud50_node_04
trace,9033,3086.0,2.0,3.5,223.0,sim,0,9033,12119.0,12119,3086,cloud50_node_01
trace,8969,3152.0,1.0,2.0,211.0,sim,0,8969,12121.0,12121,3152,cloud50_node_04
trace,8961,3163.0,1.0,2.0,209.0,sim,0,8961,12124.0,12124,3163,cloud50_node_04
trace,8977,3151.0,1.0,2.0,212.0,sim,0,8977,12128.0,12128,3151,cloud50_node_04
trace,8945,3187.0,2.0,3.5,206.0,sim,0,8945,12132.0,12132,3187,cloud50_node_14
trace,9779,2893.0,8.0,14.0,250.0,sim,0,9779,12672.0,12672,2893,cloud50_node_09
trace,9803,2870.0,4.0,7.0,254.0,sim,0,9803,12673.0,12673,2870,cloud50_node_09
trace,9769,2905.0,2.0,3.5,248.0,sim,0,9769,12674.0,12674,2905,cloud50_node_04
trace,9762,2918.0,4.0,7.0,247.0,sim,0,9762,12680.0,12680,2918,cloud50_node_04
trace,9787,2893.0,1.0,2.0,251.0,sim,0,9787,12680.0,12680,2893,cloud50_node_09
trace,9706,2977.0,1.0,2.0,236.0,sim,0,9706,12683.0,12683,2977,cloud50_node_01
trace,9795,2888.0,2.0,3.5,253.0,sim,0,9795,12683.0,12683,2888,cloud50_node_09
trace,9714,2972.0,1.0,2.0,238.0,sim,0,9714,12686.0,12686,2972,cloud50_node_12
trace,9746,2941.0,8.0,14.0,244.0,sim,0,9746,12687.0,12687,2941,cloud50_node_04
trace,9698,2990.0,2.0,3.5,235.0,sim,0,9698,12688.0,12688,2990,cloud50_node_12
trace,9722,2966.0,2.0,3.5,239.0,sim,0,9722,12688.0,12688,2966,cloud50_node_12
trace,9731,2959.0,1.0,2.0,241.0,sim,0,9731,12690.0,12690,2959,cloud50_node_12
trace,9754,2936.0,1.0,2.0,245.0,sim,0,9754,12690.0,12690,2936,cloud50_node_12
trace,9738,2955.0,4.0,7.0,242.0,sim,0,9738,12693.0,12693,2955,cloud50_node_04
trace,9682,3013.0,1.0,2.0,232.0,sim,0,9682,12695.0,12695,3013,cloud50_node_01
trace,9690,3008.0,8.0,14.0,233.0,sim,0,9690,12698.0,12698,3008,cloud50_node_12
trace,10427,2808.0,8.0,14.0,259.0,sim,0,10427,13235.0,13235,2808,cloud50_node_12
trace,10411,2843.0,1.0,2.0,256.0,sim,0,10411,13254.0,13254,2843,cloud50_node_16
trace,10419,2839.0,4.0,7.0,257.0,sim,0,10419,13258.0,13258,2839,cloud50_node_09
trace,10537,2808.0,2.0,3.5,280.0,sim,0,10537,13345.0,13345,2808,cloud50_node_10
trace,10521,2827.0,4.0,7.0,277.0,sim,0,10521,13348.0,13348,2827,cloud50_node_13
trace,10529,2828.0,8.0,14.0,278.0,sim,0,10529,13357.0,13357,2828,cloud50_node_08
trace,10513,2863.0,1.0,2.0,275.0,sim,0,10513,13376.0,13376,2863,cloud50_node_10
trace,10506,2874.0,8.0,14.0,274.0,sim,0,10506,13380.0,13380,2874,cloud50_node_10
trace,10482,2911.0,2.0,3.5,269.0,sim,0,10482,13393.0,13393,2911,cloud50_node_16
trace,10498,2901.0,4.0,7.0,272.0,sim,0,10498,13399.0,13399,2901,cloud50_node_16
trace,10490,2912.0,1.0,2.0,271.0,sim,0,10490,13402.0,13402,2912,cloud50_node_16
trace,10475,2928.0,1.0,2.0,268.0,sim,0,10475,13403.0,13403,2928,cloud50_node_16
trace,10466,2959.0,4.0,7.0,266.0,sim,0,10466,13425.0,13425,2959,cloud50_node_16
trace,10458,2971.0,1.0,2.0,265.0,sim,0,10458,13429.0,13429,2971,cloud50_node_16
trace,10450,2996.0,1.0,2.0,263.0,sim,0,10450,13446.0,13446,2996,cloud50_node_12
trace,10442,3013.0,1.0,2.0,262.0,sim,0,10442,13455.0,13455,3013,cloud50_node_09
trace,10434,3026.0,4.0,7.0,260.0,sim,0,10434,13460.0,13460,3026,cloud50_node_09
trace,11276,2508.0,8.0,14.0,302.0,sim,0,11276,13784.0,13784,2508,cloud50_node_10
trace,11284,2508.0,2.0,3.5,304.0,sim,0,11284,13792.0,13792,2508,cloud50_node_16
trace,11267,2533.0,4.0,7.0,301.0,sim,0,11267,13800.0,13800,2533,cloud50_node_16
trace,11292,2508.0,1.0,2.0,305.0,sim,0,11292,13800.0,13800,2508,cloud50_node_16
trace,11251,2569.0,1.0,2.0,298.0,sim,0,11251,13820.0,13820,2569,cloud50_node_14
trace,11259,2563.0,2.0,3.5,299.0,sim,0,11259,13822.0,13822,2563,cloud50_node_16
trace,11214,2616.0,8.0,14.0,292.0,sim,0,11214,13830.0,13830,2616,cloud50_node_11
trace,11223,2616.0,1.0,2.0,293.0,sim,0,11223,13839.0,13839,2616,cloud50_node_14
trace,11230,2611.0,8.0,14.0,295.0,sim,0,11230,13841.0,13841,2611,cloud50_node_02
trace,11243,2604.0,2.0,3.5,296.0,sim,0,11243,13847.0,13847,2604,cloud50_node_14
trace,11191,2689.0,2.0,3.5,289.0,sim,0,11191,13880.0,13880,2689,cloud50_node_14
trace,11202,2683.0,1.0,2.0,290.0,sim,0,11202,13885.0,13885,2683,cloud50_node_14
trace,11163,2736.0,2.0,3.5,284.0,sim,0,11163,13899.0,13899,2736,cloud50_node_13
trace,11171,2731.0,1.0,2.0,286.0,sim,0,11171,13902.0,13902,2731,cloud50_node_13
trace,11155,2754.0,2.0,3.5,283.0,sim,0,11155,13909.0,13909,2754,cloud50_node_13
trace,11183,2731.0,1.0,2.0,287.0,sim,0,11183,13914.0,13914,2731,cloud50_node_14
trace,11146,2790.0,1.0,2.0,281.0,sim,0,11146,13936.0,13936,2790,cloud50_node_13
trace,11944,2442.0,2.0,3.5,313.0,sim,0,11944,14386.0,14386,2442,cloud50_node_13
trace,11955,2436.0,4.0,7.0,314.0,sim,0,11955,14391.0,14391,2436,cloud50_node_14
trace,11963,2437.0,2.0,3.5,316.0,sim,0,11963,14400.0,14400,2437,cloud50_node_13
trace,11978,2425.0,1.0,2.0,317.0,sim,0,11978,14403.0,14403,2425,cloud50_node_16
trace,11991,2412.0,1.0,2.0,319.0,sim,0,11991,14403.0,14403,2412,cloud50_node_10
trace,12012,2394.0,2.0,3.5,322.0,sim,0,12012,14406.0,14406,2394,cloud50_node_14
trace,11906,2503.0,2.0,3.5,307.0,sim,0,11906,14409.0,14409,2503,cloud50_node_01
trace,12003,2407.0,1.0,2.0,320.0,sim,0,12003,14410.0,14410,2407,cloud50_node_14
trace,12021,2389.0,8.0,14.0,323.0,sim,0,12021,14410.0,14410,2389,cloud50_node_11
trace,12031,2382.0,8.0,14.0,325.0,sim,0,12031,14413.0,14413,2382,cloud50_node_11
trace,11924,2490.0,2.0,3.5,310.0,sim,0,11924,14414.0,14414,2490,cloud50_node_01
trace,12038,2377.0,1.0,2.0,326.0,sim,0,12038,14415.0,14415,2377,cloud50_node_14
trace,11916,2502.0,4.0,7.0,308.0,sim,0,11916,14418.0,14418,2502,cloud50_node_10
trace,11931,2491.0,2.0,3.5,311.0,sim,0,11931,14422.0,14422,2491,cloud50_node_13
trace,12048,2375.0,1.0,2.0,328.0,sim,0,12048,14423.0,14423,2375,cloud50_node_14
trace,12058,2371.0,1.0,2.0,329.0,sim,0,12058,14429.0,14429,2371,cloud50_node_14
trace,12818,2197.0,4.0,7.0,349.0,sim,0,12818,15015.0,15015,2197,cloud50_node_08
trace,12797,2221.0,4.0,7.0,346.0,sim,0,12797,15018.0,15018,2221,cloud50_node_09
trace,12769,2251.0,2.0,3.5,343.0,sim,0,12769,15020.0,15020,2251,cloud50_node_12
trace,12827,2197.0,2.0,3.5,350.0,sim,0,12827,15024.0,15024,2197,cloud50_node_12
trace,12738,2287.0,2.0,3.5,340.0,sim,0,12738,15025.0,15025,2287,cloud50_node_12
trace,12805,2221.0,8.0,14.0,347.0,sim,0,12805,15026.0,15026,2221,cloud50_node_09
trace,12717,2312.0,1.0,2.0,337.0,sim,0,12717,15029.0,15029,2312,cloud50_node_12
trace,12779,2251.0,2.0,3.5,344.0,sim,0,12779,15030.0,15030,2251,cloud50_node_12
trace,12750,2281.0,1.0,2.0,341.0,sim,0,12750,15031.0,15031,2281,cloud50_node_12
trace,12669,2365.0,4.0,7.0,331.0,sim,0,12669,15034.0,15034,2365,cloud50_node_14
trace,12730,2304.0,1.0,2.0,338.0,sim,0,12730,15034.0,15034,2304,cloud50_node_12
trace,12677,2358.0,1.0,2.0,332.0,sim,0,12677,15035.0,15035,2358,cloud50_node_14
trace,12700,2340.0,1.0,2.0,335.0,sim,0,12700,15040.0,15040,2340,cloud50_node_14
trace,12691,2353.0,4.0,7.0,334.0,sim,0,12691,15044.0,15044,2353,cloud50_node_12
trace,13552,2029.0,2.0,3.5,368.0,sim,0,13552,15581.0,15581,2029,cloud50_node_10
trace,13560,2023.0,1.0,2.0,370.0,sim,0,13560,15583.0,15583,2023,cloud50_node_09
trace,13573,2011.0,8.0,14.0,371.0,sim,0,13573,15584.0,15584,2011,cloud50_node_09
trace,13540,2050.0,2.0,3.5,367.0,sim,0,13540,15590.0,15590,2050,cloud50_node_10
trace,13450,2148.0,2.0,3.5,353.0,sim,0,13450,15598.0,15598,2148,cloud50_node_13
trace,13519,2088.0,1.0,2.0,364.0,sim,0,13519,15607.0,15607,2088,cloud50_node_10
trace,13441,2167.0,1.0,2.0,352.0,sim,0,13441,15608.0,15608,2167,cloud50_node_13
trace,13460,2149.0,8.0,14.0,355.0,sim,0,13460,15609.0,15609,2149,cloud50_node_12
trace,13481,2130.0,1.0,2.0,358.0,sim,0,13481,15611.0,15611,2130,cloud50_node_13
trace,13488,2125.0,1.0,2.0,359.0,sim,0,13488,15613.0,15613,2125,cloud50_node_12
trace,13501,2112.0,1.0,2.0,361.0,sim,0,13501,15613.0,15613,2112,cloud50_node_10
trace,13509,2107.0,1.0,2.0,362.0,sim,0,13509,15616.0,15616,2107,cloud50_node_10
trace,13529,2089.0,2.0,3.5,365.0,sim,0,13529,15618.0,15618,2089,cloud50_node_10
trace,13473,2148.0,2.0,3.5,356.0,sim,0,13473,15621.0,15621,2148,cloud50_node_10
trace,14284,1801.0,1.0,2.0,392.0,sim,0,14284,16085.0,16085,1801,cloud50_node_11
trace,14292,1795.0,8.0,14.0,394.0,sim,0,14292,16087.0,16087,1795,cloud50_node_10
trace,14276,1825.0,2.0,3.5,391.0,sim,0,14276,16101.0,16101,1825,cloud50_node_11
trace,14245,1861.0,4.0,7.0,385.0,sim,0,14245,16106.0,16106,1861,cloud50_node_14
trace,14261,1848.0,1.0,2.0,388.0,sim,0,14261,16109.0,16109,1848,cloud50_node_11
trace,14269,1842.0,1.0,2.0,389.0,sim,0,14269,16111.0,16111,1842,cloud50_node_11
trace,14253,1861.0,4.0,7.0,386.0,sim,0,14253,16114.0,16114,1861,cloud50_node_14
trace,14238,1896.0,1.0,2.0,383.0,sim,0,14238,16134.0,16134,1896,cloud50_node_13
trace,14213,1939.0,1.0,2.0,379.0,sim,0,14213,16152.0,16152,1939,cloud50_node_13
trace,14230,1926.0,2.0,3.5,382.0,sim,0,14230,16156.0,16156,1926,cloud50_node_13
trace,14221,1939.0,1.0,2.0,380.0,sim,0,14221,16160.0,16160,1939,cloud50_node_13
trace,14205,1969.0,1.0,2.0,377.0,sim,0,14205,16174.0,16174,1969,cloud50_node_13
trace,14197,1987.0,1.0,2.0,376.0,sim,0,14197,16184.0,16184,1987,cloud50_node_09
trace,14181,2005.0,1.0,2.0,373.0,sim,0,14181,16186.0,16186,2005,cloud50_node_09
trace,14189,1999.0,1.0,2.0,374.0,sim,0,14189,16188.0,16188,1999,cloud50_node_09
trace,15027,1620.0,8.0,14.0,419.0,sim,0,15027,16647.0,16647,1620,cloud50_node_09
trace,15002,1651.0,8.0,14.0,415.0,sim,0,15002,16653.0,16653,1651,cloud50_node_11
trace,15010,1644.0,1.0,2.0,416.0,sim,0,15010,16654.0,16654,1644,cloud50_node_11
trace,15018,1639.0,8.0,14.0,418.0,sim,0,15018,16657.0,16657,1639,cloud50_node_03
trace,14980,1698.0,2.0,3.5,410.0,sim,0,14980,16678.0,16678,1698,cloud50_node_11
trace,14901,1782.0,1.0,2.0,395.0,sim,0,14901,16683.0,16683,1782,cloud50_node_10
trace,14987,1699.0,2.0,3.5,412.0,sim,0,14987,16686.0,16686,1699,cloud50_node_11
trace,14941,1746.0,1.0,2.0,403.0,sim,0,14941,16687.0,16687,1746,cloud50_node_13
trace,14995,1692.0,1.0,2.0,413.0,sim,0,14995,16687.0,16687,1692,cloud50_node_14
trace,14972,1717.0,2.0,3.5,409.0,sim,0,14972,16689.0,16689,1717,cloud50_node_11
trace,14925,1765.0,1.0,2.0,400.0,sim,0,14925,16690.0,16690,1765,cloud50_node_13
trace,14910,1782.0,4.0,7.0,397.0,sim,0,14910,16692.0,16692,1782,cloud50_node_10
trace,14949,1746.0,2.0,3.5,404.0,sim,0,14949,16695.0,16695,1746,cloud50_node_13
trace,14933,1765.0,1.0,2.0,401.0,sim,0,14933,16698.0,16698,1765,cloud50_node_13
trace,14918,1782.0,1.0,2.0,398.0,sim,0,14918,16700.0,16700,1782,cloud50_node_13
trace,14957,1746.0,1.0,2.0,406.0,sim,0,14957,16703.0,16703,1746,cloud50_node_14
trace,14964,1741.0,8.0,14.0,407.0,sim,0,14964,16705.0,16705,1741,cloud50_node_14
trace,15759,1284.0,1.0,2.0,445.0,sim,0,15759,17043.0,17043,1284,cloud50_node_09
trace,15766,1288.0,1.0,2.0,446.0,sim,0,15766,17054.0,17054,1288,cloud50_node_09
trace,15743,1321.0,1.0,2.0,442.0,sim,0,15743,17064.0,17064,1321,cloud50_node_14
trace,15751,1316.0,1.0,2.0,443.0,sim,0,15751,17067.0,17067,1316,cloud50_node_14
trace,15735,1352.0,4.0,7.0,440.0,sim,0,15735,17087.0,17087,1352,cloud50_node_14
trace,15728,1382.0,1.0,2.0,439.0,sim,0,15728,17110.0,17110,1382,cloud50_node_10
trace,15720,1435.0,8.0,14.0,437.0,sim,0,15720,17155.0,17155,1435,cloud50_node_03
trace,15712,1447.0,2.0,3.5,436.0,sim,0,15712,17159.0,17159,1447,cloud50_node_09
trace,15704,1484.0,1.0,2.0,434.0,sim,0,15704,17188.0,17188,1484,cloud50_node_10
trace,15696,1496.0,8.0,14.0,433.0,sim,0,15696,17192.0,17192,1496,cloud50_node_03
trace,15681,1520.0,1.0,2.0,430.0,sim,0,15681,17201.0,17201,1520,cloud50_node_10
trace,15689,1512.0,8.0,14.0,431.0,sim,0,15689,17201.0,17201,1512,cloud50_node_09
trace,15650,1567.0,2.0,3.5,424.0,sim,0,15650,17217.0,17217,1567,cloud50_node_11
trace,15673,1544.0,2.0,3.5,428.0,sim,0,15673,17217.0,17217,1544,cloud50_node_11
trace,15642,1580.0,2.0,3.5,422.0,sim,0,15642,17222.0,17222,1580,cloud50_node_13
trace,15666,1556.0,1.0,2.0,427.0,sim,0,15666,17222.0,17222,1556,cloud50_node_13
trace,15635,1591.0,1.0,2.0,421.0,sim,0,15635,17226.0,17226,1591,cloud50_node_13
trace,15658,1569.0,8.0,14.0,425.0,sim,0,15658,17227.0,17227,1569,cloud50_node_10
trace,16477,1013.0,1.0,2.0,467.0,sim,0,16477,17490.0,17490,1013,cloud50_node_13
trace,16484,1006.0,2.0,3.5,469.0,sim,0,16484,17490.0,17490,1006,cloud50_node_01
trace,16469,1033.0,2.0,3.5,466.0,sim,0,16469,17502.0,17502,1033,cloud50_node_01
trace,16462,1050.0,4.0,7.0,464.0,sim,0,16462,17512.0,17512,1050,cloud50_node_01
trace,16454,1065.0,1.0,2.0,463.0,sim,0,16454,17519.0,17519,1065,cloud50_node_13
trace,16446,1082.0,1.0,2.0,461.0,sim,0,16446,17528.0,17528,1082,cloud50_node_09
trace,16439,1092.0,2.0,3.5,460.0,sim,0,16439,17531.0,17531,1092,cloud50_node_13
trace,16415,1126.0,1.0,2.0,455.0,sim,0,16415,17541.0,17541,1126,cloud50_node_11
trace,16423,1118.0,8.0,14.0,457.0,sim,0,16423,17541.0,17541,1118,cloud50_node_01
trace,16407,1136.0,8.0,14.0,454.0,sim,0,16407,17543.0,17543,1136,cloud50_node_10
trace,16391,1158.0,1.0,2.0,451.0,sim,0,16391,17549.0,17549,1158,cloud50_node_09
trace,16431,1118.0,2.0,3.5,458.0,sim,0,16431,17549.0,17549,1118,cloud50_node_13
trace,16399,1154.0,4.0,7.0,452.0,sim,0,16399,17553.0,17553,1154,cloud50_node_11
trace,16383,1211.0,8.0,14.0,449.0,sim,0,16383,17594.0,17594,1211,cloud50_node_14
trace,16375,1240.0,2.0,3.5,448.0,sim,0,16375,17615.0,17615,1240,cloud50_node_09
trace,17184,850.0,4.0,7.0,484.0,sim,0,17184,18034.0,18034,850,cloud50_node_03
trace,17163,877.0,2.0,3.5,481.0,sim,0,17163,18040.0,18040,877,cloud50_node_13
trace,17175,868.0,2.0,3.5,482.0,sim,0,17175,18043.0,18043,868,cloud50_node_03
trace,17192,851.0,1.0,2.0,485.0,sim,0,17192,18043.0,18043,851,cloud50_node_13
trace,17205,841.0,1.0,2.0,487.0,sim,0,17205,18046.0,18046,841,cloud50_node_10
trace,17145,908.0,1.0,2.0,478.0,sim,0,17145,18053.0,18053,908,cloud50_node_10
trace,17226,833.0,8.0,14.0,490.0,sim,0,17226,18059.0,18059,833,cloud50_node_01
trace,17214,848.0,1.0,2.0,488.0,sim,0,17214,18062.0,18062,848,cloud50_node_10
trace,17239,826.0,1.0,2.0,491.0,sim,0,17239,18065.0,18065,826,cloud50_node_13
trace,17155,911.0,1.0,2.0,479.0,sim,0,17155,18066.0,18066,911,cloud50_node_13
trace,17106,961.0,1.0,2.0,472.0,sim,0,17106,18067.0,18067,961,cloud50_node_10
trace,17136,931.0,2.0,3.5,476.0,sim,0,17136,18067.0,18067,931,cloud50_node_13
trace,17126,943.0,2.0,3.5,475.0,sim,0,17126,18069.0,18069,943,cloud50_node_10
trace,17118,955.0,8.0,14.0,473.0,sim,0,17118,18073.0,18073,955,cloud50_node_03
trace,17252,823.0,2.0,3.5,493.0,sim,0,17252,18075.0,18075,823,cloud50_node_13
trace,17098,991.0,2.0,3.5,470.0,sim,0,17098,18089.0,18089,991,cloud50_node_10
trace,17872,818.0,2.0,3.5,494.0,sim,0,17872,18690.0,18690,818,cloud50_node_13
trace,17889,811.0,1.0,2.0,496.0,sim,0,17889,18700.0,18700,811,cloud50_node_13
trace,17898,810.0,1.0,2.0,497.0,sim,0,17898,18708.0,18708,810,cloud50_node_13
trace,17906,806.0,1.0,2.0,499.0,sim,0,17906,18712.0,18712,806,cloud50_node_13
trace,17914,807.0,1.0,2.0,500.0,sim,0,17914,18721.0,18721,807,cloud50_node_13
trace,17922,799.0,1.0,2.0,502.0,sim,0,17922,18721.0,18721,799,cloud50_node_13
trace,17930,799.0,2.0,3.5,503.0,sim,0,17930,18729.0,18729,799,cloud50_node_03
trace,17954,775.0,4.0,7.0,508.0,sim,0,17954,18729.0,18729,775,cloud50_node_01
trace,17938,793.0,8.0,14.0,505.0,sim,0,17938,18731.0,18731,793,cloud50_node_03
trace,17962,775.0,1.0,2.0,509.0,sim,0,17962,18737.0,18737,775,cloud50_node_01
trace,17946,795.0,1.0,2.0,506.0,sim,0,17946,18741.0,18741,795,cloud50_node_01
trace,17969,775.0,8.0,14.0,511.0,sim,0,17969,18744.0,18744,775,cloud50_node_01
trace,17979,774.0,2.0,3.5,512.0,sim,0,17979,18753.0,18753,774,cloud50_node_01
trace,18594,769.0,2.0,3.5,514.0,sim,0,18594,19363.0,19363,769,cloud50_node_01
trace,18608,768.0,1.0,2.0,515.0,sim,0,18608,19376.0,19376,768,cloud50_node_01
trace,18620,764.0,1.0,2.0,517.0,sim,0,18620,19384.0,19384,764,cloud50_node_01
trace,18630,763.0,2.0,3.5,518.0,sim,0,18630,19393.0,19393,763,cloud50_node_01
trace,18646,763.0,1.0,2.0,520.0,sim,0,18646,19409.0,19409,763,cloud50_node_01
trace,18668,757.0,2.0,3.5,521.0,sim,0,18668,19425.0,19425,757,cloud50_node_13
trace,18686,757.0,1.0,2.0,523.0,sim,0,18686,19443.0,19443,757,cloud50_node_01
trace,18695,757.0,8.0,14.0,524.0,sim,0,18695,19452.0,19452,757,cloud50_node_13
trace,18706,762.0,1.0,2.0,526.0,sim,0,18706,19468.0,19468,762,cloud50_node_13
trace,18719,753.0,2.0,3.5,527.0,sim,0,18719,19472.0,19472,753,cloud50_node_13
trace,18733,751.0,1.0,2.0,529.0,sim,0,18733,19484.0,19484,751,cloud50_node_13
trace,18747,745.0,2.0,3.5,530.0,sim,0,18747,19492.0,19492,745,cloud50_node_13
trace,19527,543.0,2.0,3.5,560.0,sim,0,19527,20070.0,20070,543,cloud50_node_01
trace,19452,624.0,4.0,7.0,547.0,sim,0,19452,20076.0,20076,624,cloud50_node_13
trace,19460,621.0,1.0,2.0,548.0,sim,0,19460,20081.0,20081,621,cloud50_node_13
trace,19504,577.0,1.0,2.0,556.0,sim,0,19504,20081.0,20081,577,cloud50_node_13
trace,19487,595.0,2.0,3.5,553.0,sim,0,19487,20082.0,20082,595,cloud50_node_13
trace,19512,570.0,8.0,14.0,557.0,sim,0,19512,20082.0,20082,570,cloud50_node_01
trace,19496,588.0,4.0,7.0,554.0,sim,0,19496,20084.0,20084,588,cloud50_node_13
trace,19519,565.0,1.0,2.0,559.0,sim,0,19519,20084.0,20084,565,cloud50_node_13
trace,19472,613.0,1.0,2.0,550.0,sim,0,19472,20085.0,20085,613,cloud50_node_13
trace,19479,607.0,1.0,2.0,551.0,sim,0,19479,20086.0,20086,607,cloud50_node_13
trace,19444,643.0,2.0,3.5,545.0,sim,0,19444,20087.0,20087,643,cloud50_node_01
trace,19432,660.0,1.0,2.0,544.0,sim,0,19432,20092.0,20092,660,cloud50_node_13
trace,19424,672.0,1.0,2.0,542.0,sim,0,19424,20096.0,20096,672,cloud50_node_01
trace,19357,744.0,1.0,2.0,532.0,sim,0,19357,20101.0,20101,744,cloud50_node_01
trace,19417,684.0,1.0,2.0,541.0,sim,0,19417,20101.0,20101,684,cloud50_node_01
trace,19364,745.0,1.0,2.0,533.0,sim,0,19364,20109.0,20109,745,cloud50_node_01
trace,19407,703.0,1.0,2.0,539.0,sim,0,19407,20110.0,20110,703,cloud50_node_01
trace,19377,738.0,1.0,2.0,535.0,sim,0,19377,20115.0,20115,738,cloud50_node_01
trace,19391,727.0,1.0,2.0,536.0,sim,0,19391,20118.0,20118,727,cloud50_node_01
trace,19399,720.0,2.0,3.5,538.0,sim,0,19399,20119.0,20119,720,cloud50_node_01
trace,20205,409.0,1.0,2.0,575.0,sim,0,20205,20614.0,20614,409,cloud50_node_13
trace,20213,402.0,1.0,2.0,577.0,sim,0,20213,20615.0,20615,402,cloud50_node_13
trace,20220,403.0,4.0,7.0,578.0,sim,0,20220,20623.0,20623,403,cloud50_node_14
trace,20182,443.0,2.0,3.5,571.0,sim,0,20182,20625.0,20625,443,cloud50_node_13
trace,20190,439.0,1.0,2.0,572.0,sim,0,20190,20629.0,20629,439,cloud50_node_13
trace,20197,433.0,8.0,14.0,574.0,sim,0,20197,20630.0,20630,433,cloud50_node_14
trace,20136,498.0,2.0,3.5,562.0,sim,0,20136,20634.0,20634,498,cloud50_node_13
trace,20151,483.0,2.0,3.5,565.0,sim,0,20151,20634.0,20634,483,cloud50_node_13
trace,20166,469.0,2.0,3.5,568.0,sim,0,20166,20635.0,20635,469,cloud50_node_13
trace,20159,481.0,1.0,2.0,566.0,sim,0,20159,20640.0,20640,481,cloud50_node_13
trace,20143,499.0,2.0,3.5,563.0,sim,0,20143,20642.0,20642,499,cloud50_node_13
trace,20174,469.0,1.0,2.0,569.0,sim,0,20174,20643.0,20643,469,cloud50_node_13
trace,20906,306.0,2.0,3.5,595.0,sim,0,20906,21212.0,21212,306,cloud50_node_14
trace,20913,301.0,2.0,3.5,596.0,sim,0,20913,21214.0,21214,301,cloud50_node_14
trace,20837,379.0,1.0,2.0,581.0,sim,0,20837,21216.0,21216,379,cloud50_node_13
trace,20921,295.0,4.0,7.0,598.0,sim,0,20921,21216.0,21216,295,cloud50_node_11
trace,20860,361.0,8.0,14.0,586.0,sim,0,20860,21221.0,21221,361,cloud50_node_14
trace,20868,354.0,1.0,2.0,587.0,sim,0,20868,21222.0,21222,354,cloud50_node_13
trace,20845,378.0,8.0,14.0,583.0,sim,0,20845,21223.0,21223,378,cloud50_node_13
trace,20875,349.0,4.0,7.0,589.0,sim,0,20875,21224.0,21224,349,cloud50_node_13
trace,20852,373.0,8.0,14.0,584.0,sim,0,20852,21225.0,21225,373,cloud50_node_14
trace,20829,397.0,1.0,2.0,580.0,sim,0,20829,21226.0,21226,397,cloud50_node_13
trace,20883,343.0,1.0,2.0,590.0,sim,0,20883,21226.0,21226,343,cloud50_node_13
trace,20890,337.0,2.0,3.5,592.0,sim,0,20890,21227.0,21227,337,cloud50_node_14
trace,20898,336.0,8.0,14.0,593.0,sim,0,20898,21234.0,21234,336,cloud50_node_11
trace,21537,271.0,1.0,2.0,601.0,sim,0,21537,21808.0,21808,271,cloud50_node_13
trace,21529,283.0,4.0,7.0,599.0,sim,0,21529,21812.0,21812,283,cloud50_node_13
trace,21545,267.0,2.0,3.5,602.0,sim,0,21545,21812.0,21812,267,cloud50_node_13
trace,21552,265.0,2.0,3.5,604.0,sim,0,21552,21817.0,21817,265,cloud50_node_13
trace,21560,258.0,1.0,2.0,605.0,sim,0,21560,21818.0,21818,258,cloud50_node_13
trace,21568,1086.0,1.0,2.0,607.0,sim,0,21568,22654.0,22654,1086,cloud50_node_13
trace,21575,1087.0,1.0,2.0,608.0,sim,0,21575,22662.0,22662,1087,cloud50_node_13
trace,21583,1082.0,2.0,3.5,610.0,sim,0,21583,22665.0,22665,1082,cloud50_node_13
trace,21591,1074.0,1.0,2.0,611.0,sim,0,21591,22665.0,22665,1074,cloud50_node_13
trace,21598,1069.0,8.0,14.0,613.0,sim,0,21598,22667.0,22667,1069,cloud50_node_14
trace,22207,1062.0,1.0,2.0,614.0,sim,0,22207,23269.0,23269,1062,cloud50_node_13
trace,22214,1057.0,1.0,2.0,616.0,sim,0,22214,23271.0,23271,1057,cloud50_node_13
trace,22222,1057.0,2.0,3.5,617.0,sim,0,22222,23279.0,23279,1057,cloud50_node_13
trace,22230,1051.0,2.0,3.5,619.0,sim,0,22230,23281.0,23281,1051,cloud50_node_13
trace,22238,1045.0,8.0,14.0,620.0,sim,0,22238,23283.0,23283,1045,cloud50_node_14
trace,22246,1042.0,4.0,7.0,622.0,sim,0,22246,23288.0,23288,1042,cloud50_node_13
trace,22254,1042.0,4.0,7.0,623.0,sim,0,22254,23296.0,23296,1042,cloud50_node_14
trace,22262,1039.0,1.0,2.0,625.0,sim,0,22262,23301.0,23301,1039,cloud50_node_13
trace,22270,1033.0,1.0,2.0,626.0,sim,0,22270,23303.0,23303,1033,cloud50_node_14
trace,22278,1027.0,2.0,3.5,628.0,sim,0,22278,23305.0,23305,1027,cloud50_node_14
trace,22285,1028.0,2.0,3.5,629.0,sim,0,22285,23313.0,23313,1028,cloud50_node_11
trace,22894,1021.0,1.0,2.0,631.0,sim,0,22894,23915.0,23915,1021,cloud50_node_13
trace,22902,1022.0,2.0,3.5,632.0,sim,0,22902,23924.0,23924,1022,cloud50_node_13
trace,22910,1022.0,1.0,2.0,634.0,sim,0,22910,23932.0,23932,1022,cloud50_node_13
trace,22919,1016.0,2.0,3.5,635.0,sim,0,22919,23935.0,23935,1016,cloud50_node_14
trace,22927,1009.0,4.0,7.0,637.0,sim,0,22927,23936.0,23936,1009,cloud50_node_14
trace,22936,1008.0,2.0,3.5,638.0,sim,0,22936,23944.0,23944,1008,cloud50_node_14
trace,22943,1003.0,1.0,2.0,640.0,sim,0,22943,23946.0,23946,1003,cloud50_node_13
trace,22951,997.0,2.0,3.5,641.0,sim,0,22951,23948.0,23948,997,cloud50_node_11
trace,22960,990.0,4.0,7.0,643.0,sim,0,22960,23950.0,23950,990,cloud50_node_11
trace,22968,991.0,4.0,7.0,644.0,sim,0,22968,23959.0,23959,991,cloud50_node_11
trace,22976,989.0,1.0,2.0,646.0,sim,0,22976,23965.0,23965,989,cloud50_node_14
trace,23584,987.0,2.0,3.5,647.0,sim,0,23584,24571.0,24571,987,cloud50_node_13
trace,23592,984.0,1.0,2.0,649.0,sim,0,23592,24576.0,24576,984,cloud50_node_13
trace,23600,984.0,2.0,3.5,650.0,sim,0,23600,24584.0,24584,984,cloud50_node_13
trace,23608,978.0,1.0,2.0,652.0,sim,0,23608,24586.0,24586,978,cloud50_node_13
trace,23624,966.0,1.0,2.0,655.0,sim,0,23624,24590.0,24590,966,cloud50_node_13
trace,23616,978.0,2.0,3.5,653.0,sim,0,23616,24594.0,24594,978,cloud50_node_13
trace,23632,967.0,4.0,7.0,656.0,sim,0,23632,24599.0,24599,967,cloud50_node_11
trace,23640,961.0,4.0,7.0,658.0,sim,0,23640,24601.0,24601,961,cloud50_node_11
trace,23657,949.0,4.0,7.0,661.0,sim,0,23657,24606.0,24606,949,cloud50_node_11
trace,23665,943.0,8.0,14.0,662.0,sim,0,23665,24608.0,24608,943,cloud50_node_14
trace,23649,960.0,1.0,2.0,659.0,sim,0,23649,24609.0,24609,960,cloud50_node_13
trace,23678,936.0,8.0,14.0,664.0,sim,0,23678,24614.0,24614,936,cloud50_node_03
trace,23686,936.0,1.0,2.0,665.0,sim,0,23686,24622.0,24622,936,cloud50_node_13
trace,24294,930.0,2.0,3.5,667.0,sim,0,24294,25224.0,25224,930,cloud50_node_13
trace,24316,919.0,1.0,2.0,670.0,sim,0,24316,25235.0,25235,919,cloud50_node_13
trace,24307,930.0,1.0,2.0,668.0,sim,0,24307,25237.0,25237,930,cloud50_node_13
trace,24324,914.0,1.0,2.0,671.0,sim,0,24324,25238.0,25238,914,cloud50_node_13
trace,24342,901.0,1.0,2.0,674.0,sim,0,24342,25243.0,25243,901,cloud50_node_11
trace,24334,910.0,4.0,7.0,673.0,sim,0,24334,25244.0,25244,910,cloud50_node_11
trace,24352,900.0,1.0,2.0,676.0,sim,0,24352,25252.0,25252,900,cloud50_node_11
trace,24369,888.0,1.0,2.0,679.0,sim,0,24369,25257.0,25257,888,cloud50_node_11
trace,24360,900.0,1.0,2.0,677.0,sim,0,24360,25260.0,25260,900,cloud50_node_11
trace,24378,888.0,1.0,2.0,680.0,sim,0,24378,25266.0,25266,888,cloud50_node_11
trace,24387,882.0,4.0,7.0,682.0,sim,0,24387,25269.0,25269,882,cloud50_node_14
trace,24398,877.0,8.0,14.0,683.0,sim,0,24398,25275.0,25275,877,cloud50_node_14
trace,24407,870.0,2.0,3.5,685.0,sim,0,24407,25277.0,25277,870,cloud50_node_11
trace,24416,866.0,1.0,2.0,686.0,sim,0,24416,25282.0,25282,866,cloud50_node_11
trace,25024,864.0,4.0,7.0,688.0,sim,0,25024,25888.0,25888,864,cloud50_node_13
trace,25032,858.0,2.0,3.5,689.0,sim,0,25032,25890.0,25890,858,cloud50_node_13
trace,25041,852.0,1.0,2.0,691.0,sim,0,25041,25893.0,25893,852,cloud50_node_13
trace,25057,840.0,2.0,3.5,694.0,sim,0,25057,25897.0,25897,840,cloud50_node_13
trace,25049,852.0,8.0,14.0,692.0,sim,0,25049,25901.0,25901,852,cloud50_node_14
trace,25064,839.0,8.0,14.0,695.0,sim,0,25064,25903.0,25903,839,cloud50_node_11
trace,25072,835.0,1.0,2.0,697.0,sim,0,25072,25907.0,25907,835,cloud50_node_13
trace,25080,828.0,1.0,2.0,698.0,sim,0,25080,25908.0,25908,828,cloud50_node_13
trace,25087,823.0,4.0,7.0,700.0,sim,0,25087,25910.0,25910,823,cloud50_node_14
trace,25095,817.0,1.0,2.0,701.0,sim,0,25095,25912.0,25912,817,cloud50_node_11
trace,25102,817.0,8.0,14.0,703.0,sim,0,25102,25919.0,25919,817,cloud50_node_03
trace,25110,811.0,1.0,2.0,704.0,sim,0,25110,25921.0,25921,811,cloud50_node_11
trace,25118,804.0,1.0,2.0,706.0,sim,0,25118,25922.0,25922,804,cloud50_node_11
trace,25726,799.0,2.0,3.5,707.0,sim,0,25726,26525.0,26525,799,cloud50_node_13
trace,25734,793.0,2.0,3.5,709.0,sim,0,25734,26527.0,26527,793,cloud50_node_13
trace,25749,781.0,2.0,3.5,712.0,sim,0,25749,26530.0,26530,781,cloud50_node_14
trace,25742,793.0,1.0,2.0,710.0,sim,0,25742,26535.0,26535,793,cloud50_node_13
trace,25757,781.0,1.0,2.0,713.0,sim,0,25757,26538.0,26538,781,cloud50_node_14
trace,25765,775.0,4.0,7.0,715.0,sim,0,25765,26540.0,26540,775,cloud50_node_14
trace,25773,774.0,2.0,3.5,716.0,sim,0,25773,26547.0,26547,774,cloud50_node_14
trace,25781,769.0,2.0,3.5,718.0,sim,0,25781,26550.0,26550,769,cloud50_node_14
trace,25788,769.0,1.0,2.0,719.0,sim,0,25788,26557.0,26557,769,cloud50_node_14
trace,25796,769.0,1.0,2.0,721.0,sim,0,25796,26565.0,26565,769,cloud50_node_11
trace,25804,766.0,1.0,2.0,722.0,sim,0,25804,26570.0,26570,766,cloud50_node_11
trace,25812,762.0,1.0,2.0,724.0,sim,0,25812,26574.0,26574,762,cloud50_node_11
trace,25820,758.0,4.0,7.0,725.0,sim,0,25820,26578.0,26578,758,cloud50_node_11
trace,25827,755.0,4.0,7.0,727.0,sim,0,25827,26582.0,26582,755,cloud50_node_11
trace,25835,751.0,2.0,3.5,728.0,sim,0,25835,26586.0,26586,751,cloud50_node_11
trace,26443,750.0,1.0,2.0,730.0,sim,0,26443,27193.0,27193,750,cloud50_node_13
trace,26451,744.0,1.0,2.0,731.0,sim,0,26451,27195.0,27195,744,cloud50_node_13
trace,26466,733.0,2.0,3.5,734.0,sim,0,26466,27199.0,27199,733,cloud50_node_13
trace,26458,743.0,4.0,7.0,733.0,sim,0,26458,27201.0,27201,743,cloud50_node_13
trace,26474,732.0,1.0,2.0,736.0,sim,0,26474,27206.0,27206,732,cloud50_node_13
trace,26482,726.0,1.0,2.0,737.0,sim,0,26482,27208.0,27208,726,cloud50_node_13
trace,26489,727.0,1.0,2.0,739.0,sim,0,26489,27216.0,27216,727,cloud50_node_13
trace,26497,723.0,1.0,2.0,740.0,sim,0,26497,27220.0,27220,723,cloud50_node_11
trace,26505,721.0,1.0,2.0,742.0,sim,0,26505,27226.0,27226,721,cloud50_node_11
trace,26513,722.0,2.0,3.5,743.0,sim,0,26513,27235.0,27235,722,cloud50_node_11
trace,26521,720.0,1.0,2.0,745.0,sim,0,26521,27241.0,27241,720,cloud50_node_11
trace,26529,714.0,1.0,2.0,746.0,sim,0,26529,27243.0,27243,714,cloud50_node_13
trace,26541,709.0,1.0,2.0,748.0,sim,0,26541,27250.0,27250,709,cloud50_node_13
trace,26549,703.0,2.0,3.5,749.0,sim,0,26549,27252.0,27252,703,cloud50_node_13
trace,26557,702.0,1.0,2.0,751.0,sim,0,26557,27259.0,27259,702,cloud50_node_13
trace,27181,673.0,1.0,2.0,755.0,sim,0,27181,27854.0,27854,673,cloud50_node_11
trace,27174,686.0,8.0,14.0,754.0,sim,0,27174,27860.0,27860,686,cloud50_node_11
trace,27189,673.0,1.0,2.0,757.0,sim,0,27189,27862.0,27862,673,cloud50_node_11
trace,27166,698.0,4.0,7.0,752.0,sim,0,27166,27864.0,27864,698,cloud50_node_11
trace,27197,667.0,1.0,2.0,758.0,sim,0,27197,27864.0,27864,667,cloud50_node_13
trace,27210,660.0,1.0,2.0,760.0,sim,0,27210,27870.0,27870,660,cloud50_node_11
trace,27218,661.0,1.0,2.0,761.0,sim,0,27218,27879.0,27879,661,cloud50_node_11
trace,27226,655.0,8.0,14.0,763.0,sim,0,27226,27881.0,27881,655,cloud50_node_13
trace,27235,649.0,1.0,2.0,764.0,sim,0,27235,27884.0,27884,649,cloud50_node_13
trace,27243,648.0,1.0,2.0,766.0,sim,0,27243,27891.0,27891,648,cloud50_node_13
trace,27278,619.0,1.0,2.0,772.0,sim,0,27278,27897.0,27897,619,cloud50_node_14
trace,27255,643.0,4.0,7.0,767.0,sim,0,27255,27898.0,27898,643,cloud50_node_13
trace,27263,636.0,1.0,2.0,769.0,sim,0,27263,27899.0,27899,636,cloud50_node_13
trace,27271,630.0,8.0,14.0,770.0,sim,0,27271,27901.0,27901,630,cloud50_node_11
trace,27286,618.0,4.0,7.0,773.0,sim,0,27286,27904.0,27904,618,cloud50_node_14
trace,27294,613.0,8.0,14.0,775.0,sim,0,27294,27907.0,27907,613,cloud50_node_14
trace,27902,607.0,4.0,7.0,776.0,sim,0,27902,28509.0,28509,607,cloud50_node_14
trace,27914,607.0,1.0,2.0,778.0,sim,0,27914,28521.0,28521,607,cloud50_node_13
trace,27922,601.0,8.0,14.0,779.0,sim,0,27922,28523.0,28523,601,cloud50_node_13
trace,27929,595.0,4.0,7.0,781.0,sim,0,27929,28524.0,28524,595,cloud50_node_13
trace,27937,587.0,4.0,7.0,782.0,sim,0,27937,28524.0,28524,587,cloud50_node_14
trace,27954,570.0,1.0,2.0,785.0,sim,0,27954,28524.0,28524,570,cloud50_node_13
trace,27945,583.0,2.0,3.5,784.0,sim,0,27945,28528.0,28528,583,cloud50_node_13
trace,27961,571.0,2.0,3.5,787.0,sim,0,27961,28532.0,28532,571,cloud50_node_14
trace,27969,570.0,2.0,3.5,788.0,sim,0,27969,28539.0,28539,570,cloud50_node_14
trace,27976,567.0,2.0,3.5,790.0,sim,0,27976,28543.0,28543,567,cloud50_node_14
trace,27991,553.0,1.0,2.0,793.0,sim,0,27991,28544.0,28544,553,cloud50_node_14
trace,27999,547.0,2.0,3.5,794.0,sim,0,27999,28546.0,28546,547,cloud50_node_14
trace,27984,564.0,1.0,2.0,791.0,sim,0,27984,28548.0,28548,564,cloud50_node_14
trace,28007,541.0,2.0,3.5,796.0,sim,0,28007,28548.0,28548,541,cloud50_node_14
trace,28015,541.0,4.0,7.0,797.0,sim,0,28015,28556.0,28556,541,cloud50_node_14
trace,28023,534.0,2.0,3.5,799.0,sim,0,28023,28557.0,28557,534,cloud50_node_11
trace,28030,535.0,1.0,2.0,800.0,sim,0,28030,28565.0,28565,535,cloud50_node_11
trace,28038,529.0,8.0,14.0,802.0,sim,0,28038,28567.0,28567,529,cloud50_node_11
trace,28646,529.0,2.0,3.5,803.0,sim,0,28646,29175.0,29175,529,cloud50_node_13
trace,28654,526.0,2.0,3.5,805.0,sim,0,28654,29180.0,29180,526,cloud50_node_13
trace,28662,523.0,2.0,3.5,806.0,sim,0,28662,29185.0,29185,523,cloud50_node_13
trace,28669,517.0,2.0,3.5,808.0,sim,0,28669,29186.0,29186,517,cloud50_node_13
trace,28677,514.0,8.0,14.0,809.0,sim,0,28677,29191.0,29191,514,cloud50_node_13
trace,28685,510.0,2.0,3.5,811.0,sim,0,28685,29195.0,29195,510,cloud50_node_14
trace,28708,493.0,1.0,2.0,815.0,sim,0,28708,29201.0,29201,493,cloud50_node_14
trace,28716,486.0,2.0,3.5,817.0,sim,0,28716,29202.0,29202,486,cloud50_node_14
trace,28692,511.0,2.0,3.5,812.0,sim,0,28692,29203.0,29203,511,cloud50_node_14
trace,28700,505.0,1.0,2.0,814.0,sim,0,28700,29205.0,29205,505,cloud50_node_14
trace,28738,469.0,8.0,14.0,821.0,sim,0,28738,29207.0,29207,469,cloud50_node_11
trace,28746,463.0,8.0,14.0,823.0,sim,0,28746,29209.0,29209,463,cloud50_node_11
trace,28723,487.0,4.0,7.0,818.0,sim,0,28723,29210.0,29210,487,cloud50_node_14
trace,28754,462.0,2.0,3.5,824.0,sim,0,28754,29216.0,29216,462,cloud50_node_14
trace,28731,486.0,8.0,14.0,820.0,sim,0,28731,29217.0,29217,486,cloud50_node_14
trace,29377,421.0,8.0,14.0,829.0,sim,0,29377,29798.0,29798,421,cloud50_node_13
trace,29417,385.0,2.0,3.5,836.0,sim,0,29417,29802.0,29802,385,cloud50_node_14
trace,29424,379.0,4.0,7.0,838.0,sim,0,29424,29803.0,29803,379,cloud50_node_14
trace,29401,403.0,8.0,14.0,833.0,sim,0,29401,29804.0,29804,403,cloud50_node_14
trace,29385,421.0,1.0,2.0,830.0,sim,0,29385,29806.0,29806,421,cloud50_node_13
trace,29409,397.0,2.0,3.5,835.0,sim,0,29409,29806.0,29806,397,cloud50_node_13
trace,29362,445.0,1.0,2.0,826.0,sim,0,29362,29807.0,29807,445,cloud50_node_13
trace,29393,415.0,1.0,2.0,832.0,sim,0,29393,29808.0,29808,415,cloud50_node_13
trace,29370,439.0,2.0,3.5,827.0,sim,0,29370,29809.0,29809,439,cloud50_node_13
trace,29432,379.0,2.0,3.5,839.0,sim,0,29432,29811.0,29811,379,cloud50_node_14
trace,29439,373.0,1.0,2.0,841.0,sim,0,29439,29812.0,29812,373,cloud50_node_13
trace,29455,360.0,1.0,2.0,844.0,sim,0,29455,29815.0,29815,360,cloud50_node_11
trace,29447,373.0,8.0,14.0,842.0,sim,0,29447,29820.0,29820,373,cloud50_node_14
trace,29462,359.0,4.0,7.0,845.0,sim,0,29462,29821.0,29821,359,cloud50_node_11
trace,30070,355.0,8.0,14.0,847.0,sim,0,30070,30425.0,30425,355,cloud50_node_13
trace,30078,352.0,2.0,3.5,848.0,sim,0,30078,30430.0,30430,352,cloud50_node_13
trace,30086,350.0,8.0,14.0,850.0,sim,0,30086,30436.0,30436,350,cloud50_node_14
trace,30103,337.0,2.0,3.5,853.0,sim,0,30103,30440.0,30440,337,cloud50_node_13
trace,30094,349.0,1.0,2.0,851.0,sim,0,30094,30443.0,30443,349,cloud50_node_13
trace,30118,325.0,1.0,2.0,856.0,sim,0,30118,30443.0,30443,325,cloud50_node_13
trace,30110,338.0,2.0,3.5,854.0,sim,0,30110,30448.0,30448,338,cloud50_node_13
trace,30134,319.0,1.0,2.0,859.0,sim,0,30134,30453.0,30453,319,cloud50_node_14
trace,30126,328.0,1.0,2.0,857.0,sim,0,30126,30454.0,30454,328,cloud50_node_14
trace,30141,320.0,1.0,2.0,860.0,sim,0,30141,30461.0,30461,320,cloud50_node_14
trace,30149,314.0,2.0,3.5,862.0,sim,0,30149,30463.0,30463,314,cloud50_node_14
trace,30165,306.0,1.0,2.0,865.0,sim,0,30165,30471.0,30471,306,cloud50_node_14
trace,30157,315.0,1.0,2.0,863.0,sim,0,30157,30472.0,30472,315,cloud50_node_14
trace,30172,307.0,1.0,2.0,866.0,sim,0,30172,30479.0,30479,307,cloud50_node_14
trace,30181,305.0,8.0,14.0,868.0,sim,0,30181,30486.0,30486,305,cloud50_node_14
trace,30800,302.0,4.0,7.0,869.0,sim,0,30800,31102.0,31102,302,cloud50_node_13
trace,30811,294.0,1.0,2.0,871.0,sim,0,30811,31105.0,31105,294,cloud50_node_13
trace,30822,298.0,2.0,3.5,872.0,sim,0,30822,31120.0,31120,298,cloud50_node_13
trace,30829,291.0,4.0,7.0,874.0,sim,0,30829,31120.0,31120,291,cloud50_node_13
trace,30838,289.0,1.0,2.0,875.0,sim,0,30838,31127.0,31127,289,cloud50_node_13
trace,30846,286.0,2.0,3.5,877.0,sim,0,30846,31132.0,31132,286,cloud50_node_13
trace,30853,284.0,1.0,2.0,878.0,sim,0,30853,31137.0,31137,284,cloud50_node_13
trace,30861,283.0,2.0,3.5,880.0,sim,0,30861,31144.0,31144,283,cloud50_node_14
trace,30869,277.0,1.0,2.0,881.0,sim,0,30869,31146.0,31146,277,cloud50_node_13
trace,30877,271.0,2.0,3.5,883.0,sim,0,30877,31148.0,31148,271,cloud50_node_14
trace,30885,266.0,1.0,2.0,884.0,sim,0,30885,31151.0,31151,266,cloud50_node_14
trace,30892,266.0,2.0,3.5,886.0,sim,0,30892,31158.0,31158,266,cloud50_node_14
trace,30899,265.0,4.0,7.0,887.0,sim,0,30899,31164.0,31164,265,cloud50_node_14
trace,30907,268.0,8.0,14.0,889.0,sim,0,30907,31175.0,31175,268,cloud50_node_14
trace,31517,269.0,4.0,7.0,890.0,sim,0,31517,31786.0,31786,269,cloud50_node_13
trace,31525,266.0,1.0,2.0,892.0,sim,0,31525,31791.0,31791,266,cloud50_node_13
trace,31541,252.0,1.0,2.0,895.0,sim,0,31541,31793.0,31793,252,cloud50_node_13
trace,31533,261.0,1.0,2.0,893.0,sim,0,31533,31794.0,31794,261,cloud50_node_13
trace,31549,252.0,1.0,2.0,896.0,sim,0,31549,31801.0,31801,252,cloud50_node_13
trace,31556,248.0,8.0,14.0,898.0,sim,0,31556,31804.0,31804,248,cloud50_node_13
trace,31564,247.0,2.0,3.5,899.0,sim,0,31564,31811.0,31811,247,cloud50_node_14
trace,31628,5646.0,2.0,3.5,911.0,sim,0,31628,37274.0,37274,5646,cloud50_node_14
trace,31620,5666.0,4.0,7.0,910.0,sim,0,31620,37286.0,37286,5666,cloud50_node_11
trace,31612,5725.0,4.0,7.0,908.0,sim,0,31612,37337.0,37337,5725,cloud50_node_11
trace,31596,5784.0,8.0,14.0,905.0,sim,0,31596,37380.0,37380,5784,cloud50_node_14
trace,31605,5778.0,1.0,2.0,907.0,sim,0,31605,37383.0,37383,5778,cloud50_node_14
trace,31587,5817.0,1.0,2.0,904.0,sim,0,31587,37404.0,37404,5817,cloud50_node_14
trace,31580,5828.0,2.0,3.5,902.0,sim,0,31580,37408.0,37408,5828,cloud50_node_14
trace,31572,5864.0,8.0,14.0,901.0,sim,0,31572,37436.0,37436,5864,cloud50_node_14
trace,32335,5241.0,2.0,3.5,931.0,sim,0,32335,37576.0,37576,5241,cloud50_node_03
trace,32343,5233.0,8.0,14.0,932.0,sim,0,32343,37576.0,37576,5233,cloud50_node_03
trace,32327,5267.0,8.0,14.0,929.0,sim,0,32327,37594.0,37594,5267,cloud50_node_03
trace,32312,5366.0,1.0,2.0,926.0,sim,0,32312,37678.0,37678,5366,cloud50_node_11
trace,32319,5359.0,8.0,14.0,928.0,sim,0,32319,37678.0,37678,5359,cloud50_node_11
trace,32304,5408.0,1.0,2.0,925.0,sim,0,32304,37712.0,37712,5408,cloud50_node_11
trace,32281,5473.0,1.0,2.0,920.0,sim,0,32281,37754.0,37754,5473,cloud50_node_11
trace,32289,5465.0,1.0,2.0,922.0,sim,0,32289,37754.0,37754,5465,cloud50_node_11
trace,32296,5458.0,2.0,3.5,923.0,sim,0,32296,37754.0,37754,5458,cloud50_node_11
trace,32273,5514.0,2.0,3.5,919.0,sim,0,32273,37787.0,37787,5514,cloud50_node_11
trace,32265,5529.0,1.0,2.0,917.0,sim,0,32265,37794.0,37794,5529,cloud50_node_14
trace,32258,5591.0,1.0,2.0,916.0,sim,0,32258,37849.0,37849,5591,cloud50_node_14
trace,33045,4848.0,2.0,3.5,952.0,sim,0,33045,37893.0,37893,4848,cloud50_node_08
trace,32241,5657.0,8.0,14.0,913.0,sim,0,32241,37898.0,37898,5657,cloud50_node_13
trace,32250,5648.0,8.0,14.0,914.0,sim,0,32250,37898.0,37898,5648,cloud50_node_13
trace,33053,4845.0,1.0,2.0,953.0,sim,0,33053,37898.0,37898,4845,cloud50_node_08
trace,33022,4906.0,2.0,3.5,947.0,sim,0,33022,37928.0,37928,4906,cloud50_node_08
trace,33029,4899.0,1.0,2.0,949.0,sim,0,33029,37928.0,37928,4899,cloud50_node_08
trace,33014,4915.0,1.0,2.0,946.0,sim,0,33014,37929.0,37929,4915,cloud50_node_08
trace,33037,4892.0,1.0,2.0,950.0,sim,0,33037,37929.0,37929,4892,cloud50_node_08
trace,33006,4991.0,2.0,3.5,944.0,sim,0,33006,37997.0,37997,4991,cloud50_node_03
trace,33755,4308.0,2.0,3.5,973.0,sim,0,33755,38063.0,38063,4308,cloud50_node_20
trace,32999,5072.0,1.0,2.0,943.0,sim,0,32999,38071.0,38071,5072,cloud50_node_03
trace,33771,4300.0,1.0,2.0,976.0,sim,0,33771,38071.0,38071,4300,cloud50_node_20
trace,33763,4309.0,2.0,3.5,974.0,sim,0,33763,38072.0,38072,4309,cloud50_node_20
trace,32983,5163.0,8.0,14.0,940.0,sim,0,32983,38146.0,38146,5163,cloud50_node_01
trace,32991,5155.0,8.0,14.0,941.0,sim,0,32991,38146.0,38146,5155,cloud50_node_01
trace,32959,5189.0,1.0,2.0,935.0,sim,0,32959,38148.0,38148,5189,cloud50_node_03
trace,32975,5173.0,8.0,14.0,938.0,sim,0,32975,38148.0,38148,5173,cloud50_node_01
trace,32967,5182.0,1.0,2.0,937.0,sim,0,32967,38149.0,38149,5182,cloud50_node_03
trace,32951,5220.0,1.0,2.0,934.0,sim,0,32951,38171.0,38171,5220,cloud50_node_03
trace,33748,4457.0,2.0,3.5,971.0,sim,0,33748,38205.0,38205,4457,cloud50_node_20
trace,33740,4466.0,4.0,7.0,970.0,sim,0,33740,38206.0,38206,4466,cloud50_node_20
trace,34498,3708.0,1.0,2.0,1000.0,sim,0,34498,38206.0,38206,3708,cloud50_node_17
trace,33725,4511.0,2.0,3.5,967.0,sim,0,33725,38236.0,38236,4511,cloud50_node_20
trace,33733,4503.0,1.0,2.0,968.0,sim,0,33733,38236.0,38236,4503,cloud50_node_20
trace,34490,3746.0,8.0,14.0,998.0,sim,0,34490,38236.0,38236,3746,cloud50_node_17
trace,33693,4561.0,1.0,2.0,961.0,sim,0,33693,38254.0,38254,4561,cloud50_node_08
trace,33709,4545.0,2.0,3.5,964.0,sim,0,33709,38254.0,38254,4545,cloud50_node_08
trace,33701,4554.0,4.0,7.0,962.0,sim,0,33701,38255.0,38255,4554,cloud50_node_20
trace,33717,4539.0,1.0,2.0,965.0,sim,0,33717,38256.0,38256,4539,cloud50_node_08
trace,34482,3803.0,2.0,3.5,997.0,sim,0,34482,38285.0,38285,3803,cloud50_node_17
trace,33677,4685.0,8.0,14.0,958.0,sim,0,33677,38362.0,38362,4685,cloud50_node_08
trace,33685,4677.0,1.0,2.0,959.0,sim,0,33685,38362.0,38362,4677,cloud50_node_08
trace,34467,3941.0,2.0,3.5,994.0,sim,0,34467,38408.0,38408,3941,cloud50_node_04
trace,34459,3951.0,4.0,7.0,992.0,sim,0,34459,38410.0,38410,3951,cloud50_node_04
trace,34451,3963.0,1.0,2.0,991.0,sim,0,34451,38414.0,38414,3963,cloud50_node_04
trace,34475,3939.0,2.0,3.5,995.0,sim,0,34475,38414.0,38414,3939,cloud50_node_17
trace,33669,4761.0,2.0,3.5,956.0,sim,0,33669,38430.0,38430,4761,cloud50_node_08
trace,33661,4777.0,1.0,2.0,955.0,sim,0,33661,38438.0,38438,4777,cloud50_node_08
trace,34443,4033.0,2.0,3.5,989.0,sim,0,34443,38476.0,38476,4033,cloud50_node_04
trace,34436,4053.0,1.0,2.0,988.0,sim,0,34436,38489.0,38489,4053,cloud50_node_04
trace,34427,4078.0,4.0,7.0,986.0,sim,0,34427,38505.0,38505,4078,cloud50_node_04
trace,34419,4090.0,1.0,2.0,985.0,sim,0,34419,38509.0,38509,4090,cloud50_node_04
trace,34411,4135.0,1.0,2.0,983.0,sim,0,34411,38546.0,38546,4135,cloud50_node_04
trace,34396,4212.0,8.0,14.0,980.0,sim,0,34396,38608.0,38608,4212,cloud50_node_04
trace,34403,4213.0,4.0,7.0,982.0,sim,0,34403,38616.0,38616,4213,cloud50_node_20
trace,35195,3444.0,8.0,14.0,1018.0,sim,0,35195,38639.0,38639,3444,cloud50_node_12
trace,34387,4255.0,1.0,2.0,979.0,sim,0,34387,38642.0,38642,4255,cloud50_node_20
trace,35202,3445.0,8.0,14.0,1019.0,sim,0,35202,38647.0,38647,3445,cloud50_node_12
trace,35210,3438.0,1.0,2.0,1021.0,sim,0,35210,38648.0,38648,3438,cloud50_node_09
trace,35218,3432.0,2.0,3.5,1022.0,sim,0,35218,38650.0,38650,3432,cloud50_node_12
trace,35179,3475.0,1.0,2.0,1015.0,sim,0,35179,38654.0,38654,3475,cloud50_node_09
trace,35171,3487.0,1.0,2.0,1013.0,sim,0,35171,38658.0,38658,3487,cloud50_node_09
trace,35187,3474.0,1.0,2.0,1016.0,sim,0,35187,38661.0,38661,3474,cloud50_node_09
trace,34380,4296.0,1.0,2.0,977.0,sim,0,34380,38676.0,38676,4296,cloud50_node_20
trace,35163,3517.0,2.0,3.5,1012.0,sim,0,35163,38680.0,38680,3517,cloud50_node_09
trace,35155,3535.0,1.0,2.0,1010.0,sim,0,35155,38690.0,38690,3535,cloud50_node_17
trace,35148,3546.0,2.0,3.5,1009.0,sim,0,35148,38694.0,38694,3546,cloud50_node_09
trace,35132,3588.0,1.0,2.0,1006.0,sim,0,35132,38720.0,38720,3588,cloud50_node_17
trace,35140,3582.0,1.0,2.0,1007.0,sim,0,35140,38722.0,38722,3582,cloud50_node_17
trace,35116,3630.0,8.0,14.0,1003.0,sim,0,35116,38746.0,38746,3630,cloud50_node_09
trace,35124,3624.0,8.0,14.0,1004.0,sim,0,35124,38748.0,38748,3624,cloud50_node_09
trace,35107,3690.0,8.0,14.0,1001.0,sim,0,35107,38797.0,38797,3690,cloud50_node_17
trace,35969,3241.0,8.0,14.0,1045.0,sim,0,35969,39210.0,39210,3241,cloud50_node_16
trace,35891,3331.0,2.0,3.5,1034.0,sim,0,35891,39222.0,39222,3331,cloud50_node_18
trace,35903,3325.0,1.0,2.0,1036.0,sim,0,35903,39228.0,39228,3325,cloud50_node_18
trace,35865,3367.0,1.0,2.0,1030.0,sim,0,35865,39232.0,39232,3367,cloud50_node_18
trace,35883,3349.0,1.0,2.0,1033.0,sim,0,35883,39232.0,39232,3349,cloud50_node_18
trace,35993,3241.0,1.0,2.0,1046.0,sim,0,35993,39234.0,39234,3241,cloud50_node_18
trace,35875,3361.0,2.0,3.5,1031.0,sim,0,35875,39236.0,39236,3361,cloud50_node_18
trace,35849,3391.0,2.0,3.5,1027.0,sim,0,35849,39240.0,39240,3391,cloud50_node_18
trace,35915,3325.0,1.0,2.0,1037.0,sim,0,35915,39240.0,39240,3325,cloud50_node_18
trace,35951,3295.0,2.0,3.5,1042.0,sim,0,35951,39246.0,39246,3295,cloud50_node_18
trace,35827,3421.0,4.0,7.0,1024.0,sim,0,35827,39248.0,39248,3421,cloud50_node_12
trace,35935,3313.0,1.0,2.0,1039.0,sim,0,35935,39248.0,39248,3313,cloud50_node_18
trace,35858,3391.0,2.0,3.5,1028.0,sim,0,35858,39249.0,39249,3391,cloud50_node_18
trace,35943,3307.0,1.0,2.0,1040.0,sim,0,35943,39250.0,39250,3307,cloud50_node_18
trace,35961,3289.0,1.0,2.0,1043.0,sim,0,35961,39250.0,39250,3289,cloud50_node_18
trace,35838,3417.0,2.0,3.5,1025.0,sim,0,35838,39255.0,39255,3417,cloud50_node_12
trace,36818,2946.0,1.0,2.0,1073.0,sim,0,36818,39764.0,39764,2946,cloud50_node_19
trace,36617,3180.0,2.0,3.5,1048.0,sim,0,36617,39797.0,39797,3180,cloud50_node_18
trace,36778,3025.0,2.0,3.5,1069.0,sim,0,36778,39803.0,39803,3025,cloud50_node_19
trace,36698,3109.0,1.0,2.0,1058.0,sim,0,36698,39807.0,39807,3109,cloud50_node_16
trace,36740,3067.0,2.0,3.5,1063.0,sim,0,36740,39807.0,39807,3067,cloud50_node_16
trace,36628,3181.0,1.0,2.0,1049.0,sim,0,36628,39809.0,39809,3181,cloud50_node_18
trace,36648,3162.0,4.0,7.0,1051.0,sim,0,36648,39810.0,39810,3162,cloud50_node_16
trace,36685,3126.0,2.0,3.5,1057.0,sim,0,36685,39811.0,39811,3126,cloud50_node_16
trace,36667,3145.0,1.0,2.0,1054.0,sim,0,36667,39812.0,39812,3145,cloud50_node_18
trace,36806,3007.0,1.0,2.0,1072.0,sim,0,36806,39813.0,39813,3007,cloud50_node_16
trace,36659,3157.0,2.0,3.5,1052.0,sim,0,36659,39816.0,39816,3157,cloud50_node_18
trace,36724,3092.0,1.0,2.0,1060.0,sim,0,36724,39816.0,39816,3092,cloud50_node_16
trace,36749,3067.0,4.0,7.0,1064.0,sim,0,36749,39816.0,39816,3067,cloud50_node_19
trace,36761,3056.0,4.0,7.0,1066.0,sim,0,36761,39817.0,39817,3056,cloud50_node_19
trace,36792,3025.0,2.0,3.5,1070.0,sim,0,36792,39817.0,39817,3025,cloud50_node_19
trace,36732,3086.0,2.0,3.5,1061.0,sim,0,36732,39818.0,39818,3086,cloud50_node_16
trace,36770,3049.0,2.0,3.5,1067.0,sim,0,36770,39819.0,39819,3049,cloud50_node_16
trace,36675,3145.0,1.0,2.0,1055.0,sim,0,36675,39820.0,39820,3145,cloud50_node_16
trace,37476,2827.0,2.0,3.5,1081.0,sim,0,37476,40303.0,40303,2827,cloud50_node_11
trace,37443,2905.0,8.0,14.0,1076.0,sim,0,37443,40348.0,40348,2905,cloud50_node_19
trace,37458,2892.0,2.0,3.5,1078.0,sim,0,37458,40350.0,40350,2892,cloud50_node_19
trace,37468,2892.0,1.0,2.0,1079.0,sim,0,37468,40360.0,40360,2892,cloud50_node_19
trace,37433,2928.0,2.0,3.5,1075.0,sim,0,37433,40361.0,40361,2928,cloud50_node_11
trace,37605,2881.0,2.0,3.5,1091.0,sim,0,37605,40486.0,40486,2881,cloud50_node_14
trace,37516,2977.0,1.0,2.0,1087.0,sim,0,37516,40493.0,40493,2977,cloud50_node_14
trace,37526,2971.0,2.0,3.5,1088.0,sim,0,37526,40497.0,40497,2971,cloud50_node_14
trace,37497,3007.0,2.0,3.5,1084.0,sim,0,37497,40504.0,40504,3007,cloud50_node_11
trace,37567,2946.0,1.0,2.0,1090.0,sim,0,37567,40513.0,40513,2946,cloud50_node_14
trace,37508,3007.0,8.0,14.0,1085.0,sim,0,37508,40515.0,40515,3007,cloud50_node_14
trace,37486,3042.0,2.0,3.5,1082.0,sim,0,37486,40528.0,40528,3042,cloud50_node_11
trace,37709,2863.0,1.0,2.0,1093.0,sim,0,37709,40572.0,40572,2863,cloud50_node_14
trace,37795,2862.0,2.0,3.5,1094.0,sim,0,37795,40657.0,40657,2862,cloud50_node_14
trace,38575,2455.0,1.0,2.0,1118.0,sim,0,38575,41030.0,41030,2455,cloud50_node_13
trace,38554,2479.0,2.0,3.5,1115.0,sim,0,38554,41033.0,41033,2479,cloud50_node_04
trace,38567,2466.0,1.0,2.0,1117.0,sim,0,38567,41033.0,41033,2466,cloud50_node_13
trace,38535,2509.0,1.0,2.0,1112.0,sim,0,38535,41044.0,41044,2509,cloud50_node_17
trace,38543,2502.0,2.0,3.5,1114.0,sim,0,38543,41045.0,41045,2502,cloud50_node_04
trace,38501,2545.0,1.0,2.0,1108.0,sim,0,38501,41046.0,41046,2545,cloud50_node_17
trace,38521,2527.0,2.0,3.5,1111.0,sim,0,38521,41048.0,41048,2527,cloud50_node_04
trace,38509,2545.0,2.0,3.5,1109.0,sim,0,38509,41054.0,41054,2545,cloud50_node_17
trace,38485,2623.0,8.0,14.0,1105.0,sim,0,38485,41108.0,41108,2623,cloud50_node_04
trace,38493,2623.0,2.0,3.5,1106.0,sim,0,38493,41116.0,41116,2623,cloud50_node_04
trace,38477,2647.0,1.0,2.0,1103.0,sim,0,38477,41124.0,41124,2647,cloud50_node_17
trace,38469,2683.0,8.0,14.0,1102.0,sim,0,38469,41152.0,41152,2683,cloud50_node_17
trace,38461,2713.0,2.0,3.5,1100.0,sim,0,38461,41174.0,41174,2713,cloud50_node_14
trace,38451,2790.0,1.0,2.0,1099.0,sim,0,38451,41241.0,41241,2790,cloud50_node_14
trace,38435,2833.0,2.0,3.5,1096.0,sim,0,38435,41268.0,41268,2833,cloud50_node_14
trace,38443,2827.0,2.0,3.5,1097.0,sim,0,38443,41270.0,41270,2827,cloud50_node_14
trace,39296,2119.0,2.0,3.5,1139.0,sim,0,39296,41415.0,41415,2119,cloud50_node_11
trace,39281,2136.0,2.0,3.5,1136.0,sim,0,39281,41417.0,41417,2136,cloud50_node_18
trace,39288,2137.0,8.0,14.0,1138.0,sim,0,39288,41425.0,41425,2137,cloud50_node_03
trace,39273,2160.0,4.0,7.0,1135.0,sim,0,39273,41433.0,41433,2160,cloud50_node_11
trace,39253,2190.0,8.0,14.0,1132.0,sim,0,39253,41443.0,41443,2190,cloud50_node_18
trace,39265,2178.0,8.0,14.0,1133.0,sim,0,39265,41443.0,41443,2178,cloud50_node_11
trace,39216,2256.0,8.0,14.0,1126.0,sim,0,39216,41472.0,41472,2256,cloud50_node_16
trace,39240,2232.0,8.0,14.0,1130.0,sim,0,39240,41472.0,41472,2232,cloud50_node_18
trace,39224,2250.0,4.0,7.0,1127.0,sim,0,39224,41474.0,41474,2250,cloud50_node_13
trace,39232,2244.0,8.0,14.0,1129.0,sim,0,39232,41476.0,41476,2244,cloud50_node_13
trace,39208,2322.0,2.0,3.5,1124.0,sim,0,39208,41530.0,41530,2322,cloud50_node_13
trace,39200,2340.0,8.0,14.0,1123.0,sim,0,39200,41540.0,41540,2340,cloud50_node_17
trace,39192,2371.0,2.0,3.5,1121.0,sim,0,39192,41563.0,41563,2371,cloud50_node_17
trace,39184,2382.0,8.0,14.0,1120.0,sim,0,39184,41566.0,41566,2382,cloud50_node_04
trace,39928,2047.0,2.0,3.5,1145.0,sim,0,39928,41975.0,41975,2047,cloud50_node_11
trace,39936,2041.0,2.0,3.5,1147.0,sim,0,39936,41977.0,41977,2041,cloud50_node_18
trace,39920,2058.0,8.0,14.0,1144.0,sim,0,39920,41978.0,41978,2058,cloud50_node_19
trace,39944,2035.0,8.0,14.0,1148.0,sim,0,39944,41979.0,41979,2035,cloud50_node_03
trace,39952,2029.0,1.0,2.0,1150.0,sim,0,39952,41981.0,41981,2029,cloud50_node_19
trace,39960,2028.0,8.0,14.0,1151.0,sim,0,39960,41988.0,41988,2028,cloud50_node_03
trace,39968,2022.0,1.0,2.0,1153.0,sim,0,39968,41990.0,41990,2022,cloud50_node_19
trace,39975,2017.0,4.0,7.0,1154.0,sim,0,39975,41992.0,41992,2017,cloud50_node_16
trace,39991,2004.0,1.0,2.0,1157.0,sim,0,39991,41995.0,41995,2004,cloud50_node_19
trace,39983,2017.0,1.0,2.0,1156.0,sim,0,39983,42000.0,42000,2017,cloud50_node_19
trace,39904,2107.0,4.0,7.0,1141.0,sim,0,39904,42011.0,42011,2107,cloud50_node_18
trace,39912,2101.0,1.0,2.0,1142.0,sim,0,39912,42013.0,42013,2101,cloud50_node_17
trace,40622,1975.0,4.0,7.0,1163.0,sim,0,40622,42597.0,42597,1975,cloud50_node_16
trace,40614,1987.0,2.0,3.5,1162.0,sim,0,40614,42601.0,42601,1987,cloud50_node_11
trace,40599,2004.0,2.0,3.5,1159.0,sim,0,40599,42603.0,42603,2004,cloud50_node_11
trace,40607,1998.0,2.0,3.5,1160.0,sim,0,40607,42605.0,42605,1998,cloud50_node_11
trace,40630,1975.0,1.0,2.0,1165.0,sim,0,40630,42605.0,42605,1975,cloud50_node_11
trace,40638,1969.0,1.0,2.0,1166.0,sim,0,40638,42607.0,42607,1969,cloud50_node_11
trace,40646,1969.0,2.0,3.5,1168.0,sim,0,40646,42615.0,42615,1969,cloud50_node_16
trace,40654,1963.0,8.0,14.0,1169.0,sim,0,40654,42617.0,42617,1963,cloud50_node_19
trace,40662,1957.0,8.0,14.0,1171.0,sim,0,40662,42619.0,42619,1957,cloud50_node_14
trace,40669,1951.0,8.0,14.0,1172.0,sim,0,40669,42620.0,42620,1951,cloud50_node_14
trace,40677,1951.0,2.0,3.5,1174.0,sim,0,40677,42628.0,42628,1951,cloud50_node_19
trace,40685,1944.0,8.0,14.0,1175.0,sim,0,40685,42629.0,42629,1944,cloud50_node_01
