start_time,lifespan,cores,ram,jobid
0.0,72000.0,8.0,14.0,0.0
600.0,5994.0,8.0,14.0,1.0
1200.0,5994.0,1.0,2.0,2.0
1800.0,5916.0,1.0,2.0,4.0
1800.0,5898.0,4.0,7.0,5.0
1800.0,5826.0,1.0,2.0,7.0
1800.0,5814.0,2.0,3.5,8.0
1800.0,5790.0,2.0,3.5,10.0
1800.0,5706.0,1.0,2.0,11.0
1800.0,5700.0,8.0,14.0,13.0
1800.0,5658.0,1.0,2.0,14.0
1800.0,5634.0,4.0,7.0,16.0
1800.0,5616.0,2.0,3.5,17.0
1800.0,5610.0,1.0,2.0,19.0
1800.0,5586.0,1.0,2.0,20.0
1800.0,5538.0,4.0,7.0,22.0
1800.0,5538.0,4.0,7.0,23.0
2400.0,5424.0,8.0,14.0,25.0
2400.0,5344.0,2.0,3.5,26.0
2400.0,5298.0,2.0,3.5,28.0
2400.0,5292.0,1.0,2.0,29.0
2400.0,5208.0,1.0,2.0,31.0
2400.0,5176.0,1.0,2.0,32.0
2400.0,5160.0,8.0,14.0,34.0
2400.0,5124.0,1.0,2.0,35.0
2400.0,5118.0,4.0,7.0,37.0
2400.0,5112.0,8.0,14.0,38.0
2400.0,5094.0,4.0,7.0,40.0
2400.0,5088.0,4.0,7.0,41.0
3000.0,5088.0,1.0,2.0,43.0
3000.0,5076.0,8.0,14.0,44.0
3000.0,5052.0,2.0,3.5,46.0
3000.0,5028.0,8.0,14.0,47.0
3000.0,5016.0,1.0,2.0,49.0
3000.0,5016.0,4.0,7.0,50.0
3000.0,4998.0,1.0,2.0,52.0
3000.0,4998.0,2.0,3.5,53.0
3000.0,4980.0,2.0,3.5,55.0
3000.0,4980.0,8.0,14.0,56.0
3600.0,4962.0,8.0,14.0,58.0
3600.0,4952.0,1.0,2.0,59.0
3600.0,4944.0,2.0,3.5,61.0
3600.0,4944.0,1.0,2.0,62.0
3600.0,4926.0,1.0,2.0,64.0
3600.0,4920.0,8.0,14.0,65.0
3600.0,4914.0,8.0,14.0,67.0
3600.0,4902.0,2.0,3.5,68.0
3600.0,4860.0,1.0,2.0,70.0
3600.0,4848.0,2.0,3.5,71.0
3600.0,4812.0,4.0,7.0,73.0
3600.0,4806.0,2.0,3.5,74.0
4200.0,4782.0,2.0,3.5,76.0
4200.0,4782.0,8.0,14.0,77.0
4200.0,4746.0,4.0,7.0,79.0
4200.0,4744.0,2.0,3.5,80.0
4200.0,4728.0,1.0,2.0,82.0
4200.0,4716.0,1.0,2.0,83.0
4200.0,4710.0,8.0,14.0,85.0
4200.0,4692.0,1.0,2.0,86.0
4200.0,4656.0,2.0,3.5,88.0
4200.0,4650.0,2.0,3.5,89.0
4200.0,4620.0,8.0,14.0,91.0
4200.0,4584.0,8.0,14.0,92.0
4200.0,4554.0,1.0,2.0,94.0
4200.0,4536.0,8.0,14.0,95.0
4800.0,4518.0,1.0,2.0,97.0
4800.0,4494.0,2.0,3.5,98.0
4800.0,4464.0,8.0,14.0,100.0
4800.0,4446.0,1.0,2.0,101.0
4800.0,4420.0,1.0,2.0,103.0
4800.0,4410.0,1.0,2.0,104.0
4800.0,4320.0,2.0,3.5,106.0
4800.0,4290.0,2.0,3.5,107.0
4800.0,4248.0,4.0,7.0,109.0
4800.0,4206.0,8.0,14.0,110.0
4800.0,4194.0,1.0,2.0,112.0
4800.0,4170.0,2.0,3.5,113.0
5400.0,4104.0,2.0,3.5,115.0
5400.0,4092.0,1.0,2.0,116.0
5400.0,4074.0,1.0,2.0,118.0
5400.0,4062.0,4.0,7.0,119.0
5400.0,4044.0,1.0,2.0,121.0
5400.0,4020.0,2.0,3.5,122.0
5400.0,3990.0,1.0,2.0,124.0
5400.0,3972.0,4.0,7.0,125.0
5400.0,3936.0,1.0,2.0,127.0
5400.0,3936.0,8.0,14.0,128.0
5400.0,3924.0,1.0,2.0,130.0
5400.0,3906.0,1.0,2.0,131.0
6000.0,3852.0,2.0,3.5,133.0
6000.0,3840.0,1.0,2.0,134.0
6000.0,3810.0,8.0,14.0,136.0
6000.0,3780.0,1.0,2.0,137.0
6000.0,3750.0,4.0,7.0,139.0
6000.0,3714.0,1.0,2.0,140.0
6000.0,3678.0,1.0,2.0,142.0
6000.0,3642.0,8.0,14.0,143.0
6000.0,3606.0,8.0,14.0,145.0
6000.0,3588.0,8.0,14.0,146.0
6000.0,3564.0,1.0,2.0,148.0
6000.0,3552.0,8.0,14.0,149.0
6000.0,3540.0,8.0,14.0,151.0
6000.0,3528.0,8.0,14.0,152.0
6000.0,3522.0,1.0,2.0,154.0
6600.0,3516.0,2.0,3.5,155.0
6600.0,3504.0,1.0,2.0,157.0
6600.0,3486.0,8.0,14.0,158.0
6600.0,3480.0,1.0,2.0,160.0
6600.0,3480.0,8.0,14.0,161.0
6600.0,3474.0,2.0,3.5,163.0
6600.0,3468.0,2.0,3.5,164.0
6600.0,3456.0,1.0,2.0,166.0
6600.0,3456.0,2.0,3.5,167.0
6600.0,3450.0,1.0,2.0,169.0
6600.0,3450.0,2.0,3.5,170.0
6600.0,3438.0,1.0,2.0,172.0
6600.0,3420.0,1.0,2.0,173.0
6600.0,3408.0,2.0,3.5,175.0
6600.0,3408.0,1.0,2.0,176.0
6600.0,3402.0,1.0,2.0,178.0
7200.0,3390.0,1.0,2.0,179.0
7200.0,3384.0,1.0,2.0,181.0
7200.0,3366.0,1.0,2.0,182.0
7200.0,3348.0,1.0,2.0,184.0
7200.0,3342.0,4.0,7.0,185.0
7200.0,3336.0,2.0,3.5,187.0
7200.0,3318.0,4.0,7.0,188.0
7200.0,3312.0,2.0,3.5,190.0
7200.0,3306.0,2.0,3.5,191.0
7200.0,3276.0,1.0,2.0,193.0
7200.0,3270.0,8.0,14.0,194.0
7200.0,3264.0,2.0,3.5,196.0
7200.0,3258.0,2.0,3.5,197.0
7200.0,3222.0,1.0,2.0,199.0
7200.0,3222.0,1.0,2.0,200.0
7200.0,3210.0,2.0,3.5,202.0
7200.0,3198.0,2.0,3.5,203.0
7200.0,3180.0,2.0,3.5,205.0
7800.0,3180.0,2.0,3.5,206.0
7800.0,3156.0,2.0,3.5,208.0
7800.0,3156.0,1.0,2.0,209.0
7800.0,3144.0,1.0,2.0,211.0
7800.0,3144.0,1.0,2.0,212.0
7800.0,3114.0,1.0,2.0,214.0
7800.0,3114.0,1.0,2.0,215.0
7800.0,3102.0,4.0,7.0,217.0
7800.0,3102.0,1.0,2.0,218.0
7800.0,3084.0,8.0,14.0,220.0
7800.0,3078.0,4.0,7.0,221.0
7800.0,3078.0,2.0,3.5,223.0
7800.0,3054.0,2.0,3.5,224.0
7800.0,3048.0,8.0,14.0,226.0
7800.0,3042.0,1.0,2.0,227.0
7800.0,3012.0,1.0,2.0,229.0
7800.0,3012.0,4.0,7.0,230.0
8400.0,3006.0,1.0,2.0,232.0
8400.0,3000.0,8.0,14.0,233.0
8400.0,2982.0,2.0,3.5,235.0
8400.0,2970.0,1.0,2.0,236.0
8400.0,2964.0,1.0,2.0,238.0
8400.0,2958.0,2.0,3.5,239.0
8400.0,2952.0,1.0,2.0,241.0
8400.0,2946.0,4.0,7.0,242.0
8400.0,2934.0,8.0,14.0,244.0
8400.0,2928.0,1.0,2.0,245.0
8400.0,2910.0,4.0,7.0,247.0
8400.0,2898.0,2.0,3.5,248.0
8400.0,2886.0,8.0,14.0,250.0
8400.0,2886.0,1.0,2.0,251.0
8400.0,2880.0,2.0,3.5,253.0
8400.0,2864.0,4.0,7.0,254.0
9000.0,2836.0,1.0,2.0,256.0
9000.0,2832.0,4.0,7.0,257.0
9000.0,2802.0,8.0,14.0,259.0
9000.0,3018.0,4.0,7.0,260.0
9000.0,3006.0,1.0,2.0,262.0
9000.0,2988.0,1.0,2.0,263.0
9000.0,2964.0,1.0,2.0,265.0
9000.0,2952.0,4.0,7.0,266.0
9000.0,2922.0,1.0,2.0,268.0
9000.0,2904.0,2.0,3.5,269.0
9000.0,2904.0,1.0,2.0,271.0
9000.0,2892.0,4.0,7.0,272.0
9000.0,2868.0,8.0,14.0,274.0
9000.0,2856.0,1.0,2.0,275.0
9000.0,2820.0,4.0,7.0,277.0
9000.0,2820.0,8.0,14.0,278.0
9000.0,2802.0,2.0,3.5,280.0
9600.0,2784.0,1.0,2.0,281.0
9600.0,2748.0,2.0,3.5,283.0
9600.0,2730.0,2.0,3.5,284.0
9600.0,2724.0,1.0,2.0,286.0
9600.0,2724.0,1.0,2.0,287.0
9600.0,2682.0,2.0,3.5,289.0
9600.0,2676.0,1.0,2.0,290.0
9600.0,2610.0,8.0,14.0,292.0
9600.0,2610.0,1.0,2.0,293.0
9600.0,2604.0,8.0,14.0,295.0
9600.0,2598.0,2.0,3.5,296.0
9600.0,2562.0,1.0,2.0,298.0
9600.0,2556.0,2.0,3.5,299.0
9600.0,2526.0,4.0,7.0,301.0
9600.0,2502.0,8.0,14.0,302.0
9600.0,2502.0,2.0,3.5,304.0
9600.0,2502.0,1.0,2.0,305.0
10200.0,2496.0,2.0,3.5,307.0
10200.0,2496.0,4.0,7.0,308.0
10200.0,2484.0,2.0,3.5,310.0
10200.0,2484.0,2.0,3.5,311.0
10200.0,2436.0,2.0,3.5,313.0
10200.0,2430.0,4.0,7.0,314.0
10200.0,2430.0,2.0,3.5,316.0
10200.0,2418.0,1.0,2.0,317.0
10200.0,2406.0,1.0,2.0,319.0
10200.0,2400.0,1.0,2.0,320.0
10200.0,2388.0,2.0,3.5,322.0
10200.0,2382.0,8.0,14.0,323.0
10200.0,2376.0,8.0,14.0,325.0
10200.0,2370.0,1.0,2.0,326.0
10200.0,2368.0,1.0,2.0,328.0
10200.0,2364.0,1.0,2.0,329.0
10800.0,2358.0,4.0,7.0,331.0
10800.0,2352.0,1.0,2.0,332.0
10800.0,2346.0,4.0,7.0,334.0
10800.0,2334.0,1.0,2.0,335.0
10800.0,2304.0,1.0,2.0,337.0
10800.0,2298.0,1.0,2.0,338.0
10800.0,2280.0,2.0,3.5,340.0
10800.0,2274.0,1.0,2.0,341.0
10800.0,2244.0,2.0,3.5,343.0
10800.0,2244.0,2.0,3.5,344.0
10800.0,2214.0,4.0,7.0,346.0
10800.0,2214.0,8.0,14.0,347.0
10800.0,2190.0,4.0,7.0,349.0
10800.0,2190.0,2.0,3.5,350.0
11400.0,2160.0,1.0,2.0,352.0
11400.0,2142.0,2.0,3.5,353.0
11400.0,2142.0,8.0,14.0,355.0
11400.0,2142.0,2.0,3.5,356.0
11400.0,2124.0,1.0,2.0,358.0
11400.0,2118.0,1.0,2.0,359.0
11400.0,2106.0,1.0,2.0,361.0
11400.0,2100.0,1.0,2.0,362.0
11400.0,2082.0,1.0,2.0,364.0
11400.0,2082.0,2.0,3.5,365.0
11400.0,2044.0,2.0,3.5,367.0
11400.0,2022.0,2.0,3.5,368.0
11400.0,2016.0,1.0,2.0,370.0
11400.0,2004.0,8.0,14.0,371.0
12000.0,1998.0,1.0,2.0,373.0
12000.0,1992.0,1.0,2.0,374.0
12000.0,1980.0,1.0,2.0,376.0
12000.0,1962.0,1.0,2.0,377.0
12000.0,1932.0,1.0,2.0,379.0
12000.0,1932.0,1.0,2.0,380.0
12000.0,1920.0,2.0,3.5,382.0
12000.0,1890.0,1.0,2.0,383.0
12000.0,1854.0,4.0,7.0,385.0
12000.0,1854.0,4.0,7.0,386.0
12000.0,1842.0,1.0,2.0,388.0
12000.0,1836.0,1.0,2.0,389.0
12000.0,1818.0,2.0,3.5,391.0
12000.0,1794.0,1.0,2.0,392.0
12000.0,1788.0,8.0,14.0,394.0
12600.0,1776.0,1.0,2.0,395.0
12600.0,1776.0,4.0,7.0,397.0
12600.0,1776.0,1.0,2.0,398.0
12600.0,1758.0,1.0,2.0,400.0
12600.0,1758.0,1.0,2.0,401.0
12600.0,1740.0,1.0,2.0,403.0
12600.0,1740.0,2.0,3.5,404.0
12600.0,1740.0,1.0,2.0,406.0
12600.0,1734.0,8.0,14.0,407.0
12600.0,1710.0,2.0,3.5,409.0
12600.0,1692.0,2.0,3.5,410.0
12600.0,1692.0,2.0,3.5,412.0
12600.0,1686.0,1.0,2.0,413.0
12600.0,1644.0,8.0,14.0,415.0
12600.0,1638.0,1.0,2.0,416.0
12600.0,1632.0,8.0,14.0,418.0
12600.0,1614.0,8.0,14.0,419.0
13200.0,1584.0,1.0,2.0,421.0
13200.0,1572.0,2.0,3.5,422.0
13200.0,1560.0,2.0,3.5,424.0
13200.0,1560.0,8.0,14.0,425.0
13200.0,1548.0,1.0,2.0,427.0
13200.0,1536.0,2.0,3.5,428.0
13200.0,1512.0,1.0,2.0,430.0
13200.0,1506.0,8.0,14.0,431.0
13200.0,1488.0,8.0,14.0,433.0
13200.0,1476.0,1.0,2.0,434.0
13200.0,1440.0,2.0,3.5,436.0
13200.0,1428.0,8.0,14.0,437.0
13200.0,1374.0,1.0,2.0,439.0
13200.0,1344.0,4.0,7.0,440.0
13200.0,1314.0,1.0,2.0,442.0
13200.0,1308.0,1.0,2.0,443.0
13200.0,1278.0,1.0,2.0,445.0
13200.0,1272.0,1.0,2.0,446.0
13800.0,1230.0,2.0,3.5,448.0
13800.0,1200.0,8.0,14.0,449.0
13800.0,1152.0,1.0,2.0,451.0
13800.0,1146.0,4.0,7.0,452.0
13800.0,1128.0,8.0,14.0,454.0
13800.0,1116.0,1.0,2.0,455.0
13800.0,1110.0,8.0,14.0,457.0
13800.0,1110.0,2.0,3.5,458.0
13800.0,1086.0,2.0,3.5,460.0
13800.0,1074.0,1.0,2.0,461.0
13800.0,1056.0,1.0,2.0,463.0
13800.0,1044.0,4.0,7.0,464.0
13800.0,1026.0,2.0,3.5,466.0
13800.0,1002.0,1.0,2.0,467.0
13800.0,990.0,2.0,3.5,469.0
14400.0,984.0,2.0,3.5,470.0
14400.0,954.0,1.0,2.0,472.0
14400.0,948.0,8.0,14.0,473.0
14400.0,936.0,2.0,3.5,475.0
14400.0,924.0,2.0,3.5,476.0
14400.0,900.0,1.0,2.0,478.0
14400.0,900.0,1.0,2.0,479.0
14400.0,864.0,2.0,3.5,481.0
14400.0,858.0,2.0,3.5,482.0
14400.0,840.0,4.0,7.0,484.0
14400.0,840.0,1.0,2.0,485.0
14400.0,834.0,1.0,2.0,487.0
14400.0,834.0,1.0,2.0,488.0
14400.0,822.0,8.0,14.0,490.0
14400.0,816.0,1.0,2.0,491.0
14400.0,816.0,2.0,3.5,493.0
15000.0,804.0,2.0,3.5,494.0
15000.0,804.0,1.0,2.0,496.0
15000.0,798.0,1.0,2.0,497.0
15000.0,798.0,1.0,2.0,499.0
15000.0,798.0,1.0,2.0,500.0
15000.0,792.0,1.0,2.0,502.0
15000.0,792.0,2.0,3.5,503.0
15000.0,786.0,8.0,14.0,505.0
15000.0,786.0,1.0,2.0,506.0
15000.0,768.0,4.0,7.0,508.0
15000.0,768.0,1.0,2.0,509.0
15000.0,768.0,8.0,14.0,511.0
15000.0,768.0,2.0,3.5,512.0
15600.0,762.0,2.0,3.5,514.0
15600.0,762.0,1.0,2.0,515.0
15600.0,756.0,1.0,2.0,517.0
15600.0,756.0,2.0,3.5,518.0
15600.0,756.0,1.0,2.0,520.0
15600.0,750.0,2.0,3.5,521.0
15600.0,750.0,1.0,2.0,523.0
15600.0,750.0,8.0,14.0,524.0
15600.0,750.0,1.0,2.0,526.0
15600.0,744.0,2.0,3.5,527.0
15600.0,744.0,1.0,2.0,529.0
15600.0,738.0,2.0,3.5,530.0
16200.0,738.0,1.0,2.0,532.0
16200.0,738.0,1.0,2.0,533.0
16200.0,732.0,1.0,2.0,535.0
16200.0,720.0,1.0,2.0,536.0
16200.0,714.0,2.0,3.5,538.0
16200.0,696.0,1.0,2.0,539.0
16200.0,678.0,1.0,2.0,541.0
16200.0,666.0,1.0,2.0,542.0
16200.0,654.0,1.0,2.0,544.0
16200.0,636.0,2.0,3.5,545.0
16200.0,618.0,4.0,7.0,547.0
16200.0,612.0,1.0,2.0,548.0
16200.0,606.0,1.0,2.0,550.0
16200.0,600.0,1.0,2.0,551.0
16200.0,588.0,2.0,3.5,553.0
16200.0,582.0,4.0,7.0,554.0
16200.0,570.0,1.0,2.0,556.0
16200.0,564.0,8.0,14.0,557.0
16200.0,558.0,1.0,2.0,559.0
16200.0,534.0,2.0,3.5,560.0
16800.0,492.0,2.0,3.5,562.0
16800.0,492.0,2.0,3.5,563.0
16800.0,476.0,2.0,3.5,565.0
16800.0,474.0,1.0,2.0,566.0
16800.0,462.0,2.0,3.5,568.0
16800.0,462.0,1.0,2.0,569.0
16800.0,436.0,2.0,3.5,571.0
16800.0,432.0,1.0,2.0,572.0
16800.0,426.0,8.0,14.0,574.0
16800.0,402.0,1.0,2.0,575.0
16800.0,396.0,1.0,2.0,577.0
16800.0,396.0,4.0,7.0,578.0
17400.0,390.0,1.0,2.0,580.0
17400.0,372.0,1.0,2.0,581.0
17400.0,372.0,8.0,14.0,583.0
17400.0,366.0,8.0,14.0,584.0
17400.0,354.0,8.0,14.0,586.0
17400.0,348.0,1.0,2.0,587.0
17400.0,342.0,4.0,7.0,589.0
17400.0,336.0,1.0,2.0,590.0
17400.0,330.0,2.0,3.5,592.0
17400.0,330.0,8.0,14.0,593.0
17400.0,300.0,2.0,3.5,595.0
17400.0,294.0,2.0,3.5,596.0
17400.0,288.0,4.0,7.0,598.0
18000.0,276.0,4.0,7.0,599.0
18000.0,264.0,1.0,2.0,601.0
18000.0,260.0,2.0,3.5,602.0
18000.0,258.0,2.0,3.5,604.0
18000.0,252.0,1.0,2.0,605.0
18000.0,1080.0,1.0,2.0,607.0
18000.0,1080.0,1.0,2.0,608.0
18000.0,1074.0,2.0,3.5,610.0
18000.0,1068.0,1.0,2.0,611.0
18000.0,1062.0,8.0,14.0,613.0
18600.0,1056.0,1.0,2.0,614.0
18600.0,1050.0,1.0,2.0,616.0
18600.0,1050.0,2.0,3.5,617.0
18600.0,1044.0,2.0,3.5,619.0
18600.0,1038.0,8.0,14.0,620.0
18600.0,1032.0,4.0,7.0,622.0
18600.0,1032.0,4.0,7.0,623.0
18600.0,1032.0,1.0,2.0,625.0
18600.0,1026.0,1.0,2.0,626.0
18600.0,1020.0,2.0,3.5,628.0
18600.0,1020.0,2.0,3.5,629.0
19200.0,1014.0,1.0,2.0,631.0
19200.0,1014.0,2.0,3.5,632.0
19200.0,1008.0,1.0,2.0,634.0
19200.0,1008.0,2.0,3.5,635.0
19200.0,1002.0,4.0,7.0,637.0
19200.0,1002.0,2.0,3.5,638.0
19200.0,996.0,1.0,2.0,640.0
19200.0,990.0,2.0,3.5,641.0
19200.0,984.0,4.0,7.0,643.0
19200.0,984.0,4.0,7.0,644.0
19200.0,980.0,1.0,2.0,646.0
19800.0,980.0,2.0,3.5,647.0
19800.0,978.0,1.0,2.0,649.0
19800.0,978.0,2.0,3.5,650.0
19800.0,972.0,1.0,2.0,652.0
19800.0,972.0,2.0,3.5,653.0
19800.0,960.0,1.0,2.0,655.0
19800.0,960.0,4.0,7.0,656.0
19800.0,954.0,4.0,7.0,658.0
19800.0,954.0,1.0,2.0,659.0
19800.0,942.0,4.0,7.0,661.0
19800.0,936.0,8.0,14.0,662.0
19800.0,930.0,8.0,14.0,664.0
19800.0,930.0,1.0,2.0,665.0
20400.0,924.0,2.0,3.5,667.0
20400.0,924.0,1.0,2.0,668.0
20400.0,912.0,1.0,2.0,670.0
20400.0,908.0,1.0,2.0,671.0
20400.0,904.0,4.0,7.0,673.0
20400.0,894.0,1.0,2.0,674.0
20400.0,894.0,1.0,2.0,676.0
20400.0,894.0,1.0,2.0,677.0
20400.0,882.0,1.0,2.0,679.0
20400.0,882.0,1.0,2.0,680.0
20400.0,876.0,4.0,7.0,682.0
20400.0,870.0,8.0,14.0,683.0
20400.0,864.0,2.0,3.5,685.0
20400.0,860.0,1.0,2.0,686.0
21000.0,858.0,4.0,7.0,688.0
21000.0,852.0,2.0,3.5,689.0
21000.0,846.0,1.0,2.0,691.0
21000.0,846.0,8.0,14.0,692.0
21000.0,834.0,2.0,3.5,694.0
21000.0,832.0,8.0,14.0,695.0
21000.0,828.0,1.0,2.0,697.0
21000.0,822.0,1.0,2.0,698.0
21000.0,816.0,4.0,7.0,700.0
21000.0,810.0,1.0,2.0,701.0
21000.0,810.0,8.0,14.0,703.0
21000.0,804.0,1.0,2.0,704.0
21000.0,798.0,1.0,2.0,706.0
21600.0,792.0,2.0,3.5,707.0
21600.0,786.0,2.0,3.5,709.0
21600.0,786.0,1.0,2.0,710.0
21600.0,774.0,2.0,3.5,712.0
21600.0,774.0,1.0,2.0,713.0
21600.0,768.0,4.0,7.0,715.0
21600.0,768.0,2.0,3.5,716.0
21600.0,762.0,2.0,3.5,718.0
21600.0,762.0,1.0,2.0,719.0
21600.0,762.0,1.0,2.0,721.0
21600.0,760.0,1.0,2.0,722.0
21600.0,756.0,1.0,2.0,724.0
21600.0,752.0,4.0,7.0,725.0
21600.0,748.0,4.0,7.0,727.0
21600.0,744.0,2.0,3.5,728.0
22200.0,744.0,1.0,2.0,730.0
22200.0,738.0,1.0,2.0,731.0
22200.0,736.0,4.0,7.0,733.0
22200.0,726.0,2.0,3.5,734.0
22200.0,726.0,1.0,2.0,736.0
22200.0,720.0,1.0,2.0,737.0
22200.0,720.0,1.0,2.0,739.0
22200.0,716.0,1.0,2.0,740.0
22200.0,714.0,1.0,2.0,742.0
22200.0,714.0,2.0,3.5,743.0
22200.0,714.0,1.0,2.0,745.0
22200.0,708.0,1.0,2.0,746.0
22200.0,702.0,1.0,2.0,748.0
22200.0,696.0,2.0,3.5,749.0
22200.0,696.0,1.0,2.0,751.0
22800.0,692.0,4.0,7.0,752.0
22800.0,680.0,8.0,14.0,754.0
22800.0,666.0,1.0,2.0,755.0
22800.0,666.0,1.0,2.0,757.0
22800.0,660.0,1.0,2.0,758.0
22800.0,654.0,1.0,2.0,760.0
22800.0,654.0,1.0,2.0,761.0
22800.0,648.0,8.0,14.0,763.0
22800.0,642.0,1.0,2.0,764.0
22800.0,642.0,1.0,2.0,766.0
22800.0,636.0,4.0,7.0,767.0
22800.0,630.0,1.0,2.0,769.0
22800.0,624.0,8.0,14.0,770.0
22800.0,612.0,1.0,2.0,772.0
22800.0,612.0,4.0,7.0,773.0
22800.0,606.0,8.0,14.0,775.0
23400.0,600.0,4.0,7.0,776.0
23400.0,600.0,1.0,2.0,778.0
23400.0,594.0,8.0,14.0,779.0
23400.0,588.0,4.0,7.0,781.0
23400.0,580.0,4.0,7.0,782.0
23400.0,576.0,2.0,3.5,784.0
23400.0,564.0,1.0,2.0,785.0
23400.0,564.0,2.0,3.5,787.0
23400.0,564.0,2.0,3.5,788.0
23400.0,560.0,2.0,3.5,790.0
23400.0,558.0,1.0,2.0,791.0
23400.0,546.0,1.0,2.0,793.0
23400.0,540.0,2.0,3.5,794.0
23400.0,534.0,2.0,3.5,796.0
23400.0,534.0,4.0,7.0,797.0
23400.0,528.0,2.0,3.5,799.0
23400.0,528.0,1.0,2.0,800.0
23400.0,522.0,8.0,14.0,802.0
24000.0,522.0,2.0,3.5,803.0
24000.0,520.0,2.0,3.5,805.0
24000.0,516.0,2.0,3.5,806.0
24000.0,510.0,2.0,3.5,808.0
24000.0,508.0,8.0,14.0,809.0
24000.0,504.0,2.0,3.5,811.0
24000.0,504.0,2.0,3.5,812.0
24000.0,498.0,1.0,2.0,814.0
24000.0,486.0,1.0,2.0,815.0
24000.0,480.0,2.0,3.5,817.0
24000.0,480.0,4.0,7.0,818.0
24000.0,480.0,8.0,14.0,820.0
24000.0,462.0,8.0,14.0,821.0
24000.0,456.0,8.0,14.0,823.0
24000.0,456.0,2.0,3.5,824.0
24600.0,438.0,1.0,2.0,826.0
24600.0,432.0,2.0,3.5,827.0
24600.0,414.0,8.0,14.0,829.0
24600.0,414.0,1.0,2.0,830.0
24600.0,408.0,1.0,2.0,832.0
24600.0,396.0,8.0,14.0,833.0
24600.0,390.0,2.0,3.5,835.0
24600.0,378.0,2.0,3.5,836.0
24600.0,372.0,4.0,7.0,838.0
24600.0,372.0,2.0,3.5,839.0
24600.0,366.0,1.0,2.0,841.0
24600.0,366.0,8.0,14.0,842.0
24600.0,354.0,1.0,2.0,844.0
24600.0,352.0,4.0,7.0,845.0
25200.0,348.0,8.0,14.0,847.0
25200.0,344.0,2.0,3.5,848.0
25200.0,342.0,8.0,14.0,850.0
25200.0,342.0,1.0,2.0,851.0
25200.0,330.0,2.0,3.5,853.0
25200.0,330.0,2.0,3.5,854.0
25200.0,318.0,1.0,2.0,856.0
25200.0,318.0,1.0,2.0,857.0
25200.0,312.0,1.0,2.0,859.0
25200.0,312.0,1.0,2.0,860.0
25200.0,308.0,2.0,3.5,862.0
25200.0,306.0,1.0,2.0,863.0
25200.0,300.0,1.0,2.0,865.0
25200.0,300.0,1.0,2.0,866.0
25200.0,296.0,8.0,14.0,868.0
25800.0,294.0,4.0,7.0,869.0
25800.0,288.0,1.0,2.0,871.0
25800.0,288.0,2.0,3.5,872.0
25800.0,282.0,4.0,7.0,874.0
25800.0,282.0,1.0,2.0,875.0
25800.0,276.0,2.0,3.5,877.0
25800.0,276.0,1.0,2.0,878.0
25800.0,276.0,2.0,3.5,880.0
25800.0,270.0,1.0,2.0,881.0
25800.0,264.0,2.0,3.5,883.0
25800.0,260.0,1.0,2.0,884.0
25800.0,258.0,2.0,3.5,886.0
25800.0,258.0,4.0,7.0,887.0
25800.0,258.0,8.0,14.0,889.0
26400.0,258.0,4.0,7.0,890.0
26400.0,256.0,1.0,2.0,892.0
26400.0,252.0,1.0,2.0,893.0
26400.0,246.0,1.0,2.0,895.0
26400.0,246.0,1.0,2.0,896.0
26400.0,240.0,8.0,14.0,898.0
26400.0,240.0,2.0,3.5,899.0
26400.0,5856.0,8.0,14.0,901.0
26400.0,5820.0,2.0,3.5,902.0
26400.0,5808.0,1.0,2.0,904.0
26400.0,5778.0,8.0,14.0,905.0
26400.0,5772.0,1.0,2.0,907.0
26400.0,5718.0,4.0,7.0,908.0
26400.0,5658.0,4.0,7.0,910.0
26400.0,5640.0,2.0,3.5,911.0
27000.0,5634.0,8.0,14.0,913.0
27000.0,5604.0,8.0,14.0,914.0
27000.0,5544.0,1.0,2.0,916.0
27000.0,5514.0,1.0,2.0,917.0
27000.0,5478.0,2.0,3.5,919.0
27000.0,5454.0,1.0,2.0,920.0
27000.0,5436.0,1.0,2.0,922.0
27000.0,5436.0,2.0,3.5,923.0
27000.0,5376.0,1.0,2.0,925.0
27000.0,5322.0,1.0,2.0,926.0
27000.0,5298.0,8.0,14.0,928.0
27000.0,5250.0,8.0,14.0,929.0
27000.0,5214.0,2.0,3.5,931.0
27000.0,5208.0,8.0,14.0,932.0
27600.0,5178.0,1.0,2.0,934.0
27600.0,5160.0,1.0,2.0,935.0
27600.0,5154.0,1.0,2.0,937.0
27600.0,5142.0,8.0,14.0,938.0
27600.0,5130.0,8.0,14.0,940.0
27600.0,5118.0,8.0,14.0,941.0
27600.0,5058.0,1.0,2.0,943.0
27600.0,4968.0,2.0,3.5,944.0
27600.0,4890.0,1.0,2.0,946.0
27600.0,4884.0,2.0,3.5,947.0
27600.0,4872.0,1.0,2.0,949.0
27600.0,4872.0,1.0,2.0,950.0
27600.0,4788.0,2.0,3.5,952.0
27600.0,4782.0,1.0,2.0,953.0
28200.0,4770.0,1.0,2.0,955.0
28200.0,4740.0,2.0,3.5,956.0
28200.0,4662.0,8.0,14.0,958.0
28200.0,4656.0,1.0,2.0,959.0
28200.0,4536.0,1.0,2.0,961.0
28200.0,4530.0,4.0,7.0,962.0
28200.0,4518.0,2.0,3.5,964.0
28200.0,4518.0,1.0,2.0,965.0
28200.0,4482.0,2.0,3.5,967.0
28200.0,4482.0,1.0,2.0,968.0
28200.0,4440.0,4.0,7.0,970.0
28200.0,4398.0,2.0,3.5,971.0
28200.0,4296.0,2.0,3.5,973.0
28200.0,4296.0,2.0,3.5,974.0
28200.0,4290.0,1.0,2.0,976.0
28800.0,4290.0,1.0,2.0,977.0
28800.0,4248.0,1.0,2.0,979.0
28800.0,4206.0,8.0,14.0,980.0
28800.0,4206.0,4.0,7.0,982.0
28800.0,4128.0,1.0,2.0,983.0
28800.0,4080.0,1.0,2.0,985.0
28800.0,4068.0,4.0,7.0,986.0
28800.0,4044.0,1.0,2.0,988.0
28800.0,4026.0,2.0,3.5,989.0
28800.0,3948.0,1.0,2.0,991.0
28800.0,3936.0,4.0,7.0,992.0
28800.0,3924.0,2.0,3.5,994.0
28800.0,3924.0,2.0,3.5,995.0
28800.0,3756.0,2.0,3.5,997.0
28800.0,3726.0,8.0,14.0,998.0
28800.0,3690.0,1.0,2.0,1000.0
29400.0,3684.0,8.0,14.0,1001.0
29400.0,3624.0,8.0,14.0,1003.0
29400.0,3618.0,8.0,14.0,1004.0
29400.0,3582.0,1.0,2.0,1006.0
29400.0,3576.0,1.0,2.0,1007.0
29400.0,3540.0,2.0,3.5,1009.0
29400.0,3528.0,1.0,2.0,1010.0
29400.0,3510.0,2.0,3.5,1012.0
29400.0,3480.0,1.0,2.0,1013.0
29400.0,3468.0,1.0,2.0,1015.0
29400.0,3468.0,1.0,2.0,1016.0
29400.0,3438.0,8.0,14.0,1018.0
29400.0,3438.0,8.0,14.0,1019.0
29400.0,3432.0,1.0,2.0,1021.0
29400.0,3426.0,2.0,3.5,1022.0
30000.0,3414.0,4.0,7.0,1024.0
30000.0,3408.0,2.0,3.5,1025.0
30000.0,3384.0,2.0,3.5,1027.0
30000.0,3384.0,2.0,3.5,1028.0
30000.0,3360.0,1.0,2.0,1030.0
30000.0,3354.0,2.0,3.5,1031.0
30000.0,3342.0,1.0,2.0,1033.0
30000.0,3324.0,2.0,3.5,1034.0
30000.0,3318.0,1.0,2.0,1036.0
30000.0,3318.0,1.0,2.0,1037.0
30000.0,3306.0,1.0,2.0,1039.0
30000.0,3300.0,1.0,2.0,1040.0
30000.0,3288.0,2.0,3.5,1042.0
30000.0,3282.0,1.0,2.0,1043.0
30000.0,3234.0,8.0,14.0,1045.0
30000.0,3234.0,1.0,2.0,1046.0
30600.0,3174.0,2.0,3.5,1048.0
30600.0,3174.0,1.0,2.0,1049.0
30600.0,3156.0,4.0,7.0,1051.0
30600.0,3150.0,2.0,3.5,1052.0
30600.0,3138.0,1.0,2.0,1054.0
30600.0,3138.0,1.0,2.0,1055.0
30600.0,3120.0,2.0,3.5,1057.0
30600.0,3102.0,1.0,2.0,1058.0
30600.0,3084.0,1.0,2.0,1060.0
30600.0,3078.0,2.0,3.5,1061.0
30600.0,3060.0,2.0,3.5,1063.0
30600.0,3060.0,4.0,7.0,1064.0
30600.0,3048.0,4.0,7.0,1066.0
30600.0,3042.0,2.0,3.5,1067.0
30600.0,3018.0,2.0,3.5,1069.0
30600.0,3018.0,2.0,3.5,1070.0
30600.0,3000.0,1.0,2.0,1072.0
30600.0,2940.0,1.0,2.0,1073.0
31200.0,2922.0,2.0,3.5,1075.0
31200.0,2898.0,8.0,14.0,1076.0
31200.0,2886.0,2.0,3.5,1078.0
31200.0,2886.0,1.0,2.0,1079.0
31200.0,2820.0,2.0,3.5,1081.0
31200.0,3036.0,2.0,3.5,1082.0
31200.0,3000.0,2.0,3.5,1084.0
31200.0,3000.0,8.0,14.0,1085.0
31200.0,2970.0,1.0,2.0,1087.0
31200.0,2964.0,2.0,3.5,1088.0
31200.0,2940.0,1.0,2.0,1090.0
31200.0,2874.0,2.0,3.5,1091.0
31200.0,2856.0,1.0,2.0,1093.0
31200.0,2856.0,2.0,3.5,1094.0
31800.0,2826.0,2.0,3.5,1096.0
31800.0,2820.0,2.0,3.5,1097.0
31800.0,2784.0,1.0,2.0,1099.0
31800.0,2706.0,2.0,3.5,1100.0
31800.0,2676.0,8.0,14.0,1102.0
31800.0,2640.0,1.0,2.0,1103.0
31800.0,2616.0,8.0,14.0,1105.0
31800.0,2616.0,2.0,3.5,1106.0
31800.0,2538.0,1.0,2.0,1108.0
31800.0,2538.0,2.0,3.5,1109.0
31800.0,2520.0,2.0,3.5,1111.0
31800.0,2502.0,1.0,2.0,1112.0
31800.0,2496.0,2.0,3.5,1114.0
31800.0,2472.0,2.0,3.5,1115.0
31800.0,2460.0,1.0,2.0,1117.0
31800.0,2448.0,1.0,2.0,1118.0
32400.0,2376.0,8.0,14.0,1120.0
32400.0,2364.0,2.0,3.5,1121.0
32400.0,2334.0,8.0,14.0,1123.0
32400.0,2316.0,2.0,3.5,1124.0
32400.0,2250.0,8.0,14.0,1126.0
32400.0,2244.0,4.0,7.0,1127.0
32400.0,2238.0,8.0,14.0,1129.0
32400.0,2226.0,8.0,14.0,1130.0
32400.0,2184.0,8.0,14.0,1132.0
32400.0,2172.0,8.0,14.0,1133.0
32400.0,2154.0,4.0,7.0,1135.0
32400.0,2130.0,2.0,3.5,1136.0
32400.0,2130.0,8.0,14.0,1138.0
32400.0,2112.0,2.0,3.5,1139.0
33000.0,2100.0,4.0,7.0,1141.0
33000.0,2094.0,1.0,2.0,1142.0
33000.0,2052.0,8.0,14.0,1144.0
33000.0,2040.0,2.0,3.5,1145.0
33000.0,2034.0,2.0,3.5,1147.0
33000.0,2028.0,8.0,14.0,1148.0
33000.0,2022.0,1.0,2.0,1150.0
33000.0,2022.0,8.0,14.0,1151.0
33000.0,2016.0,1.0,2.0,1153.0
33000.0,2010.0,4.0,7.0,1154.0
33000.0,2010.0,1.0,2.0,1156.0
33000.0,1998.0,1.0,2.0,1157.0
33600.0,1998.0,2.0,3.5,1159.0
33600.0,1992.0,2.0,3.5,1160.0
33600.0,1980.0,2.0,3.5,1162.0
33600.0,1968.0,4.0,7.0,1163.0
33600.0,1968.0,1.0,2.0,1165.0
33600.0,1962.0,1.0,2.0,1166.0
33600.0,1962.0,2.0,3.5,1168.0
33600.0,1956.0,8.0,14.0,1169.0
33600.0,1950.0,8.0,14.0,1171.0
33600.0,1944.0,8.0,14.0,1172.0
33600.0,1944.0,2.0,3.5,1174.0
33600.0,1938.0,8.0,14.0,1175.0
34200.0,1926.0,2.0,3.5,1177.0
34200.0,1902.0,8.0,14.0,1178.0
34200.0,1896.0,1.0,2.0,1180.0
34200.0,1896.0,2.0,3.5,1181.0
34200.0,1896.0,1.0,2.0,1183.0
34200.0,1890.0,4.0,7.0,1184.0
34200.0,1884.0,1.0,2.0,1186.0
34200.0,1878.0,2.0,3.5,1187.0
34200.0,1866.0,1.0,2.0,1189.0
34200.0,1854.0,2.0,3.5,1190.0
34200.0,1830.0,4.0,7.0,1192.0
34200.0,1830.0,8.0,14.0,1193.0
34200.0,1806.0,2.0,3.5,1195.0
34800.0,1800.0,2.0,3.5,1196.0
34800.0,1782.0,1.0,2.0,1198.0
34800.0,1782.0,8.0,14.0,1199.0
34800.0,1782.0,1.0,2.0,1201.0
34800.0,1770.0,8.0,14.0,1202.0
34800.0,1764.0,2.0,3.5,1204.0
34800.0,1746.0,1.0,2.0,1205.0
34800.0,1734.0,8.0,14.0,1207.0
34800.0,1734.0,1.0,2.0,1208.0
34800.0,1728.0,1.0,2.0,1210.0
35400.0,1722.0,2.0,3.5,1211.0
35400.0,1698.0,2.0,3.5,1213.0
35400.0,1698.0,2.0,3.5,1214.0
35400.0,1692.0,2.0,3.5,1216.0
35400.0,1680.0,8.0,14.0,1217.0
35400.0,1662.0,1.0,2.0,1219.0
35400.0,1656.0,8.0,14.0,1220.0
35400.0,1638.0,8.0,14.0,1222.0
35400.0,1626.0,1.0,2.0,1223.0
35400.0,1614.0,1.0,2.0,1225.0
35400.0,1608.0,8.0,14.0,1226.0
36000.0,1602.0,2.0,3.5,1228.0
36000.0,1572.0,1.0,2.0,1229.0
36000.0,1554.0,4.0,7.0,1231.0
36000.0,1548.0,2.0,3.5,1232.0
36000.0,1542.0,2.0,3.5,1234.0
36000.0,1536.0,1.0,2.0,1235.0
36000.0,1488.0,2.0,3.5,1237.0
36000.0,1488.0,2.0,3.5,1238.0
36000.0,1476.0,8.0,14.0,1240.0
36000.0,1458.0,1.0,2.0,1241.0
36000.0,1440.0,4.0,7.0,1243.0
36600.0,1440.0,8.0,14.0,1244.0
36600.0,1416.0,1.0,2.0,1246.0
36600.0,1416.0,2.0,3.5,1247.0
36600.0,1410.0,8.0,14.0,1249.0
36600.0,1392.0,2.0,3.5,1250.0
36600.0,1380.0,1.0,2.0,1252.0
36600.0,1350.0,2.0,3.5,1253.0
36600.0,1284.0,1.0,2.0,1255.0
36600.0,1260.0,2.0,3.5,1256.0
36600.0,1254.0,4.0,7.0,1258.0
36600.0,1248.0,1.0,2.0,1259.0
36600.0,1242.0,8.0,14.0,1261.0
36600.0,1236.0,2.0,3.5,1262.0
36600.0,1188.0,1.0,2.0,1264.0
37200.0,1176.0,2.0,3.5,1265.0
37200.0,1170.0,1.0,2.0,1267.0
37200.0,1158.0,1.0,2.0,1268.0
37200.0,1152.0,1.0,2.0,1270.0
37200.0,1146.0,2.0,3.5,1271.0
37200.0,1128.0,1.0,2.0,1273.0
37200.0,1110.0,1.0,2.0,1274.0
37200.0,1056.0,1.0,2.0,1276.0
37200.0,1014.0,1.0,2.0,1277.0
37200.0,1002.0,8.0,14.0,1279.0
37200.0,996.0,2.0,3.5,1280.0
37200.0,954.0,4.0,7.0,1282.0
37200.0,942.0,2.0,3.5,1283.0
37200.0,900.0,8.0,14.0,1285.0
37800.0,894.0,1.0,2.0,1286.0
37800.0,858.0,1.0,2.0,1288.0
37800.0,852.0,1.0,2.0,1289.0
37800.0,828.0,1.0,2.0,1291.0
37800.0,822.0,4.0,7.0,1292.0
37800.0,798.0,1.0,2.0,1294.0
37800.0,786.0,2.0,3.5,1295.0
37800.0,774.0,2.0,3.5,1297.0
37800.0,774.0,2.0,3.5,1298.0
37800.0,774.0,2.0,3.5,1300.0
37800.0,774.0,8.0,14.0,1301.0
37800.0,768.0,1.0,2.0,1303.0
37800.0,768.0,1.0,2.0,1304.0
37800.0,768.0,2.0,3.5,1306.0
37800.0,768.0,2.0,3.5,1307.0
37800.0,762.0,8.0,14.0,1309.0
38400.0,762.0,8.0,14.0,1310.0
38400.0,756.0,4.0,7.0,1312.0
38400.0,756.0,4.0,7.0,1313.0
38400.0,750.0,1.0,2.0,1315.0
38400.0,750.0,2.0,3.5,1316.0
38400.0,738.0,4.0,7.0,1318.0
38400.0,720.0,4.0,7.0,1319.0
38400.0,702.0,4.0,7.0,1321.0
38400.0,696.0,2.0,3.5,1322.0
38400.0,612.0,1.0,2.0,1324.0
38400.0,606.0,1.0,2.0,1325.0
38400.0,576.0,8.0,14.0,1327.0
38400.0,558.0,8.0,14.0,1328.0
38400.0,552.0,2.0,3.5,1330.0
38400.0,552.0,8.0,14.0,1331.0
38400.0,552.0,2.0,3.5,1333.0
39000.0,540.0,1.0,2.0,1334.0
39000.0,522.0,2.0,3.5,1336.0
39000.0,516.0,2.0,3.5,1337.0
39000.0,516.0,2.0,3.5,1339.0
39000.0,510.0,8.0,14.0,1340.0
39000.0,498.0,1.0,2.0,1342.0
39000.0,486.0,1.0,2.0,1343.0
39000.0,462.0,1.0,2.0,1345.0
39000.0,460.0,2.0,3.5,1346.0
39000.0,444.0,4.0,7.0,1348.0
39000.0,444.0,8.0,14.0,1349.0
39000.0,420.0,2.0,3.5,1351.0
39000.0,414.0,8.0,14.0,1352.0
39000.0,408.0,2.0,3.5,1354.0
39000.0,408.0,2.0,3.5,1355.0
39000.0,396.0,2.0,3.5,1357.0
39000.0,390.0,2.0,3.5,1358.0
39600.0,384.0,1.0,2.0,1360.0
39600.0,378.0,2.0,3.5,1361.0
39600.0,372.0,1.0,2.0,1363.0
39600.0,372.0,4.0,7.0,1364.0
39600.0,354.0,2.0,3.5,1366.0
39600.0,354.0,1.0,2.0,1367.0
39600.0,348.0,8.0,14.0,1369.0
39600.0,342.0,8.0,14.0,1370.0
39600.0,324.0,2.0,3.5,1372.0
39600.0,312.0,2.0,3.5,1373.0
39600.0,300.0,1.0,2.0,1375.0
39600.0,288.0,8.0,14.0,1376.0
39600.0,276.0,1.0,2.0,1378.0
39600.0,258.0,2.0,3.5,1379.0
39600.0,258.0,1.0,2.0,1381.0
39600.0,252.0,8.0,14.0,1382.0
39600.0,246.0,2.0,3.5,1384.0
39600.0,1080.0,1.0,2.0,1385.0
39600.0,1080.0,1.0,2.0,1387.0
40200.0,1074.0,8.0,14.0,1388.0
40200.0,1062.0,1.0,2.0,1390.0
40200.0,1056.0,1.0,2.0,1391.0
40200.0,1044.0,2.0,3.5,1393.0
40200.0,1044.0,1.0,2.0,1394.0
40200.0,1038.0,1.0,2.0,1396.0
40200.0,1032.0,1.0,2.0,1397.0
40200.0,1032.0,2.0,3.5,1399.0
40200.0,1026.0,8.0,14.0,1400.0
40200.0,1020.0,1.0,2.0,1402.0
40200.0,1020.0,8.0,14.0,1403.0
40200.0,1020.0,2.0,3.5,1405.0
40200.0,1014.0,8.0,14.0,1406.0
40200.0,1014.0,1.0,2.0,1408.0
40200.0,1014.0,2.0,3.5,1409.0
40200.0,1008.0,2.0,3.5,1411.0
40200.0,1004.0,2.0,3.5,1412.0
40800.0,1002.0,2.0,3.5,1414.0
40800.0,1002.0,2.0,3.5,1415.0
40800.0,1000.0,2.0,3.5,1417.0
40800.0,996.0,1.0,2.0,1418.0
40800.0,984.0,1.0,2.0,1420.0
40800.0,980.0,2.0,3.5,1421.0
40800.0,978.0,1.0,2.0,1423.0
40800.0,978.0,1.0,2.0,1424.0
40800.0,978.0,1.0,2.0,1426.0
40800.0,976.0,2.0,3.5,1427.0
40800.0,968.0,1.0,2.0,1429.0
40800.0,966.0,4.0,7.0,1430.0
40800.0,960.0,1.0,2.0,1432.0
40800.0,960.0,2.0,3.5,1433.0
40800.0,956.0,4.0,7.0,1435.0
40800.0,954.0,1.0,2.0,1436.0
40800.0,948.0,1.0,2.0,1438.0
40800.0,942.0,1.0,2.0,1439.0
41400.0,942.0,1.0,2.0,1441.0
41400.0,942.0,8.0,14.0,1442.0
41400.0,936.0,1.0,2.0,1444.0
41400.0,936.0,2.0,3.5,1445.0
41400.0,930.0,1.0,2.0,1447.0
41400.0,924.0,4.0,7.0,1448.0
41400.0,924.0,2.0,3.5,1450.0
41400.0,918.0,2.0,3.5,1451.0
41400.0,918.0,4.0,7.0,1453.0
41400.0,918.0,2.0,3.5,1454.0
41400.0,912.0,2.0,3.5,1456.0
41400.0,912.0,8.0,14.0,1457.0
41400.0,906.0,8.0,14.0,1459.0
41400.0,906.0,1.0,2.0,1460.0
41400.0,906.0,2.0,3.5,1462.0
41400.0,904.0,8.0,14.0,1463.0
41400.0,900.0,8.0,14.0,1465.0
42000.0,900.0,8.0,14.0,1466.0
42000.0,892.0,8.0,14.0,1468.0
42000.0,892.0,8.0,14.0,1469.0
42000.0,888.0,1.0,2.0,1471.0
42000.0,888.0,4.0,7.0,1472.0
42000.0,888.0,8.0,14.0,1474.0
42000.0,888.0,2.0,3.5,1475.0
42000.0,882.0,8.0,14.0,1477.0
42000.0,882.0,2.0,3.5,1478.0
42000.0,876.0,1.0,2.0,1480.0
42000.0,876.0,1.0,2.0,1481.0
42000.0,876.0,1.0,2.0,1483.0
42000.0,870.0,8.0,14.0,1484.0
42000.0,860.0,2.0,3.5,1486.0
42000.0,856.0,8.0,14.0,1487.0
42000.0,852.0,1.0,2.0,1489.0
42000.0,848.0,1.0,2.0,1490.0
42000.0,846.0,8.0,14.0,1492.0
42000.0,844.0,2.0,3.5,1493.0
42000.0,840.0,1.0,2.0,1495.0
42000.0,834.0,1.0,2.0,1496.0
42600.0,828.0,2.0,3.5,1498.0
42600.0,828.0,1.0,2.0,1499.0
42600.0,828.0,2.0,3.5,1501.0
42600.0,828.0,4.0,7.0,1502.0
42600.0,822.0,1.0,2.0,1504.0
42600.0,822.0,1.0,2.0,1505.0
42600.0,822.0,8.0,14.0,1507.0
42600.0,822.0,8.0,14.0,1508.0
42600.0,810.0,2.0,3.5,1510.0
42600.0,810.0,2.0,3.5,1511.0
42600.0,810.0,8.0,14.0,1513.0
42600.0,810.0,1.0,2.0,1514.0
42600.0,804.0,8.0,14.0,1516.0
42600.0,800.0,1.0,2.0,1517.0
42600.0,796.0,2.0,3.5,1519.0
42600.0,796.0,2.0,3.5,1520.0
42600.0,792.0,8.0,14.0,1522.0
42600.0,792.0,1.0,2.0,1523.0
42600.0,792.0,1.0,2.0,1525.0
42600.0,786.0,1.0,2.0,1526.0
42600.0,774.0,1.0,2.0,1528.0
42600.0,774.0,2.0,3.5,1529.0
42600.0,768.0,4.0,7.0,1531.0
43200.0,768.0,8.0,14.0,1532.0
43200.0,762.0,2.0,3.5,1534.0
43200.0,762.0,2.0,3.5,1535.0
43200.0,756.0,4.0,7.0,1537.0
43200.0,752.0,2.0,3.5,1538.0
43200.0,744.0,2.0,3.5,1540.0
43200.0,744.0,4.0,7.0,1541.0
43200.0,738.0,1.0,2.0,1543.0
43200.0,738.0,4.0,7.0,1544.0
43200.0,738.0,2.0,3.5,1546.0
43200.0,738.0,1.0,2.0,1547.0
43200.0,732.0,4.0,7.0,1549.0
43200.0,732.0,1.0,2.0,1550.0
43200.0,732.0,1.0,2.0,1552.0
43200.0,732.0,4.0,7.0,1553.0
43200.0,726.0,1.0,2.0,1555.0
43200.0,726.0,2.0,3.5,1556.0
43200.0,720.0,1.0,2.0,1558.0
43200.0,720.0,2.0,3.5,1559.0
43200.0,716.0,2.0,3.5,1561.0
43800.0,716.0,1.0,2.0,1562.0
43800.0,708.0,1.0,2.0,1564.0
43800.0,708.0,8.0,14.0,1565.0
43800.0,702.0,2.0,3.5,1567.0
43800.0,702.0,2.0,3.5,1568.0
43800.0,700.0,2.0,3.5,1570.0
43800.0,696.0,1.0,2.0,1571.0
43800.0,690.0,4.0,7.0,1573.0
43800.0,690.0,2.0,3.5,1574.0
43800.0,690.0,2.0,3.5,1576.0
43800.0,690.0,8.0,14.0,1577.0
43800.0,688.0,2.0,3.5,1579.0
43800.0,684.0,1.0,2.0,1580.0
43800.0,684.0,1.0,2.0,1582.0
43800.0,684.0,1.0,2.0,1583.0
43800.0,676.0,8.0,14.0,1585.0
43800.0,676.0,2.0,3.5,1586.0
43800.0,672.0,1.0,2.0,1588.0
43800.0,666.0,1.0,2.0,1589.0
44400.0,656.0,1.0,2.0,1591.0
44400.0,656.0,2.0,3.5,1592.0
44400.0,654.0,1.0,2.0,1594.0
44400.0,652.0,1.0,2.0,1595.0
44400.0,648.0,8.0,14.0,1597.0
44400.0,648.0,2.0,3.5,1598.0
44400.0,636.0,8.0,14.0,1600.0
44400.0,636.0,1.0,2.0,1601.0
44400.0,630.0,1.0,2.0,1603.0
44400.0,624.0,2.0,3.5,1604.0
44400.0,624.0,1.0,2.0,1606.0
44400.0,618.0,1.0,2.0,1607.0
44400.0,618.0,1.0,2.0,1609.0
44400.0,618.0,2.0,3.5,1610.0
44400.0,612.0,2.0,3.5,1612.0
44400.0,612.0,1.0,2.0,1613.0
44400.0,608.0,8.0,14.0,1615.0
44400.0,606.0,4.0,7.0,1616.0
45000.0,600.0,1.0,2.0,1618.0
45000.0,594.0,1.0,2.0,1619.0
45000.0,594.0,2.0,3.5,1621.0
45000.0,594.0,1.0,2.0,1622.0
45000.0,588.0,1.0,2.0,1624.0
45000.0,588.0,4.0,7.0,1625.0
45000.0,582.0,2.0,3.5,1627.0
45000.0,582.0,1.0,2.0,1628.0
45000.0,580.0,4.0,7.0,1630.0
45000.0,576.0,2.0,3.5,1631.0
45000.0,576.0,1.0,2.0,1633.0
45000.0,576.0,1.0,2.0,1634.0
45000.0,570.0,1.0,2.0,1636.0
45000.0,564.0,2.0,3.5,1637.0
45000.0,556.0,8.0,14.0,1639.0
45000.0,552.0,8.0,14.0,1640.0
45000.0,546.0,2.0,3.5,1642.0
45000.0,546.0,2.0,3.5,1643.0
45000.0,546.0,2.0,3.5,1645.0
45000.0,546.0,2.0,3.5,1646.0
45000.0,540.0,1.0,2.0,1648.0
45000.0,536.0,4.0,7.0,1649.0
45600.0,534.0,2.0,3.5,1651.0
45600.0,534.0,2.0,3.5,1652.0
45600.0,532.0,2.0,3.5,1654.0
45600.0,532.0,8.0,14.0,1655.0
45600.0,528.0,1.0,2.0,1657.0
45600.0,522.0,1.0,2.0,1658.0
45600.0,516.0,1.0,2.0,1660.0
45600.0,516.0,8.0,14.0,1661.0
45600.0,516.0,1.0,2.0,1663.0
45600.0,510.0,1.0,2.0,1664.0
45600.0,500.0,1.0,2.0,1666.0
45600.0,498.0,2.0,3.5,1667.0
45600.0,498.0,1.0,2.0,1669.0
45600.0,486.0,8.0,14.0,1670.0
45600.0,484.0,1.0,2.0,1672.0
45600.0,480.0,1.0,2.0,1673.0
45600.0,480.0,4.0,7.0,1675.0
45600.0,476.0,1.0,2.0,1676.0
46200.0,474.0,1.0,2.0,1678.0
46200.0,472.0,1.0,2.0,1679.0
46200.0,468.0,4.0,7.0,1681.0
46200.0,462.0,4.0,7.0,1682.0
46200.0,460.0,2.0,3.5,1684.0
46200.0,456.0,4.0,7.0,1685.0
46200.0,450.0,1.0,2.0,1687.0
46200.0,450.0,1.0,2.0,1688.0
46200.0,450.0,8.0,14.0,1690.0
46200.0,444.0,1.0,2.0,1691.0
46200.0,440.0,2.0,3.5,1693.0
46200.0,440.0,8.0,14.0,1694.0
46200.0,438.0,4.0,7.0,1696.0
46200.0,438.0,2.0,3.5,1697.0
46200.0,438.0,1.0,2.0,1699.0
46200.0,428.0,1.0,2.0,1700.0
46200.0,426.0,1.0,2.0,1702.0
46200.0,426.0,1.0,2.0,1703.0
46200.0,420.0,2.0,3.5,1705.0
46800.0,420.0,2.0,3.5,1706.0
46800.0,416.0,4.0,7.0,1708.0
46800.0,414.0,1.0,2.0,1709.0
46800.0,414.0,2.0,3.5,1711.0
46800.0,408.0,4.0,7.0,1712.0
46800.0,408.0,1.0,2.0,1714.0
46800.0,408.0,4.0,7.0,1715.0
46800.0,402.0,1.0,2.0,1717.0
46800.0,402.0,2.0,3.5,1718.0
46800.0,400.0,2.0,3.5,1720.0
46800.0,396.0,8.0,14.0,1721.0
46800.0,390.0,2.0,3.5,1723.0
46800.0,390.0,2.0,3.5,1724.0
46800.0,384.0,2.0,3.5,1726.0
46800.0,384.0,4.0,7.0,1727.0
46800.0,384.0,8.0,14.0,1729.0
46800.0,384.0,4.0,7.0,1730.0
46800.0,378.0,2.0,3.5,1732.0
46800.0,378.0,8.0,14.0,1733.0
46800.0,372.0,2.0,3.5,1735.0
46800.0,372.0,1.0,2.0,1736.0
47400.0,372.0,2.0,3.5,1738.0
47400.0,366.0,1.0,2.0,1739.0
47400.0,364.0,4.0,7.0,1741.0
47400.0,364.0,1.0,2.0,1742.0
47400.0,360.0,2.0,3.5,1744.0
47400.0,360.0,8.0,14.0,1745.0
47400.0,356.0,4.0,7.0,1747.0
47400.0,354.0,1.0,2.0,1748.0
47400.0,348.0,1.0,2.0,1750.0
47400.0,348.0,8.0,14.0,1751.0
47400.0,342.0,1.0,2.0,1753.0
47400.0,342.0,1.0,2.0,1754.0
47400.0,342.0,1.0,2.0,1756.0
47400.0,336.0,2.0,3.5,1757.0
47400.0,328.0,1.0,2.0,1759.0
47400.0,324.0,1.0,2.0,1760.0
47400.0,324.0,2.0,3.5,1762.0
47400.0,318.0,1.0,2.0,1763.0
47400.0,316.0,1.0,2.0,1765.0
47400.0,312.0,1.0,2.0,1766.0
47400.0,308.0,4.0,7.0,1768.0
48000.0,308.0,2.0,3.5,1769.0
48000.0,306.0,8.0,14.0,1771.0
48000.0,306.0,2.0,3.5,1772.0
48000.0,300.0,1.0,2.0,1774.0
48000.0,300.0,1.0,2.0,1775.0
48000.0,288.0,1.0,2.0,1777.0
48000.0,282.0,1.0,2.0,1778.0
48000.0,282.0,8.0,14.0,1780.0
48000.0,280.0,2.0,3.5,1781.0
48000.0,276.0,4.0,7.0,1783.0
48000.0,276.0,2.0,3.5,1784.0
48000.0,270.0,1.0,2.0,1786.0
48000.0,270.0,1.0,2.0,1787.0
48000.0,260.0,2.0,3.5,1789.0
48000.0,258.0,2.0,3.5,1790.0
48000.0,252.0,2.0,3.5,1792.0
48000.0,252.0,1.0,2.0,1793.0
48000.0,252.0,2.0,3.5,1795.0
48000.0,246.0,2.0,3.5,1796.0
48600.0,240.0,4.0,7.0,1798.0
48600.0,240.0,1.0,2.0,1799.0
48600.0,5988.0,8.0,14.0,1801.0
48600.0,5964.0,8.0,14.0,1802.0
48600.0,5922.0,4.0,7.0,1804.0
48600.0,5910.0,2.0,3.5,1805.0
48600.0,5886.0,4.0,7.0,1807.0
48600.0,5886.0,8.0,14.0,1808.0
48600.0,5850.0,1.0,2.0,1810.0
48600.0,5850.0,4.0,7.0,1811.0
48600.0,5802.0,4.0,7.0,1813.0
48600.0,5796.0,1.0,2.0,1814.0
48600.0,5772.0,4.0,7.0,1816.0
48600.0,5754.0,8.0,14.0,1817.0
48600.0,5736.0,1.0,2.0,1819.0
48600.0,5718.0,1.0,2.0,1820.0
48600.0,5688.0,1.0,2.0,1822.0
48600.0,5682.0,2.0,3.5,1823.0
49200.0,5664.0,1.0,2.0,1825.0
49200.0,5664.0,4.0,7.0,1826.0
49200.0,5658.0,1.0,2.0,1828.0
49200.0,5646.0,1.0,2.0,1829.0
49200.0,5646.0,2.0,3.5,1831.0
49200.0,5640.0,4.0,7.0,1832.0
49200.0,5634.0,2.0,3.5,1834.0
49200.0,5634.0,2.0,3.5,1835.0
49200.0,5616.0,8.0,14.0,1837.0
49200.0,5616.0,8.0,14.0,1838.0
49200.0,5592.0,4.0,7.0,1840.0
49200.0,5586.0,8.0,14.0,1841.0
49200.0,5550.0,1.0,2.0,1843.0
49200.0,5520.0,1.0,2.0,1844.0
49200.0,5454.0,2.0,3.5,1846.0
49200.0,5442.0,1.0,2.0,1847.0
49800.0,5400.0,8.0,14.0,1849.0
49800.0,5382.0,2.0,3.5,1850.0
49800.0,5376.0,1.0,2.0,1852.0
49800.0,5364.0,1.0,2.0,1853.0
49800.0,5358.0,8.0,14.0,1855.0
49800.0,5358.0,8.0,14.0,1856.0
49800.0,5328.0,8.0,14.0,1858.0
49800.0,5328.0,1.0,2.0,1859.0
49800.0,5274.0,1.0,2.0,1861.0
49800.0,5262.0,2.0,3.5,1862.0
49800.0,5244.0,8.0,14.0,1864.0
49800.0,5208.0,1.0,2.0,1865.0
49800.0,5190.0,1.0,2.0,1867.0
49800.0,5166.0,2.0,3.5,1868.0
50400.0,5118.0,8.0,14.0,1870.0
50400.0,5118.0,4.0,7.0,1871.0
50400.0,5106.0,8.0,14.0,1873.0
50400.0,5100.0,1.0,2.0,1874.0
50400.0,5064.0,1.0,2.0,1876.0
50400.0,5058.0,4.0,7.0,1877.0
50400.0,5046.0,2.0,3.5,1879.0
50400.0,5004.0,2.0,3.5,1880.0
50400.0,4992.0,1.0,2.0,1882.0
50400.0,4992.0,8.0,14.0,1883.0
50400.0,4956.0,8.0,14.0,1885.0
50400.0,4950.0,1.0,2.0,1886.0
50400.0,4944.0,2.0,3.5,1888.0
50400.0,4914.0,1.0,2.0,1889.0
50400.0,4908.0,1.0,2.0,1891.0
51000.0,4896.0,1.0,2.0,1892.0
51000.0,4896.0,1.0,2.0,1894.0
51000.0,4872.0,1.0,2.0,1895.0
51000.0,4824.0,8.0,14.0,1897.0
51000.0,4788.0,1.0,2.0,1898.0
51000.0,4758.0,8.0,14.0,1900.0
51000.0,4686.0,2.0,3.5,1901.0
51000.0,4548.0,8.0,14.0,1903.0
51000.0,4524.0,2.0,3.5,1904.0
51000.0,4512.0,1.0,2.0,1906.0
51000.0,4512.0,1.0,2.0,1907.0
51600.0,4488.0,2.0,3.5,1909.0
51600.0,4482.0,8.0,14.0,1910.0
51600.0,4458.0,1.0,2.0,1912.0
51600.0,4452.0,8.0,14.0,1913.0
51600.0,4410.0,8.0,14.0,1915.0
51600.0,4404.0,1.0,2.0,1916.0
51600.0,4392.0,2.0,3.5,1918.0
51600.0,4374.0,1.0,2.0,1919.0
51600.0,4356.0,1.0,2.0,1921.0
51600.0,4326.0,2.0,3.5,1922.0
51600.0,4236.0,1.0,2.0,1924.0
51600.0,4194.0,1.0,2.0,1925.0
51600.0,4146.0,1.0,2.0,1927.0
51600.0,4128.0,4.0,7.0,1928.0
52200.0,4008.0,4.0,7.0,1930.0
52200.0,4008.0,4.0,7.0,1931.0
52200.0,3972.0,2.0,3.5,1933.0
52200.0,3930.0,1.0,2.0,1934.0
52200.0,3864.0,4.0,7.0,1936.0
52200.0,3852.0,8.0,14.0,1937.0
52200.0,3732.0,8.0,14.0,1939.0
52200.0,3726.0,1.0,2.0,1940.0
52200.0,3690.0,1.0,2.0,1942.0
52200.0,3654.0,1.0,2.0,1943.0
52200.0,3630.0,2.0,3.5,1945.0
52800.0,3612.0,1.0,2.0,1946.0
52800.0,3600.0,2.0,3.5,1948.0
52800.0,3564.0,1.0,2.0,1949.0
52800.0,3486.0,1.0,2.0,1951.0
52800.0,3468.0,8.0,14.0,1952.0
52800.0,3462.0,2.0,3.5,1954.0
52800.0,3456.0,1.0,2.0,1955.0
52800.0,3450.0,1.0,2.0,1957.0
52800.0,3378.0,1.0,2.0,1958.0
52800.0,3300.0,2.0,3.5,1960.0
52800.0,3294.0,1.0,2.0,1961.0
52800.0,3276.0,4.0,7.0,1963.0
52800.0,3264.0,2.0,3.5,1964.0
53400.0,3234.0,1.0,2.0,1966.0
53400.0,3234.0,2.0,3.5,1967.0
53400.0,3222.0,8.0,14.0,1969.0
53400.0,3204.0,1.0,2.0,1970.0
53400.0,3168.0,2.0,3.5,1972.0
53400.0,3150.0,2.0,3.5,1973.0
53400.0,3126.0,4.0,7.0,1975.0
53400.0,3126.0,8.0,14.0,1976.0
53400.0,3084.0,1.0,2.0,1978.0
53400.0,3078.0,1.0,2.0,1979.0
53400.0,3018.0,8.0,14.0,1981.0
53400.0,3012.0,2.0,3.5,1982.0
54000.0,2982.0,4.0,7.0,1984.0
54000.0,2982.0,2.0,3.5,1985.0
54000.0,2976.0,2.0,3.5,1987.0
54000.0,2976.0,1.0,2.0,1988.0
54000.0,2970.0,1.0,2.0,1990.0
54000.0,2952.0,1.0,2.0,1991.0
54000.0,2952.0,2.0,3.5,1993.0
54000.0,2934.0,1.0,2.0,1994.0
54000.0,2916.0,1.0,2.0,1996.0
54000.0,2880.0,8.0,14.0,1997.0
54000.0,2874.0,2.0,3.5,1999.0
54000.0,2868.0,2.0,3.5,2000.0
54000.0,2856.0,4.0,7.0,2002.0
54600.0,2844.0,8.0,14.0,2003.0
54600.0,2832.0,1.0,2.0,2005.0
54600.0,2826.0,4.0,7.0,2006.0
54600.0,2802.0,4.0,7.0,2008.0
54600.0,3036.0,8.0,14.0,2009.0
54600.0,2994.0,1.0,2.0,2011.0
54600.0,2976.0,4.0,7.0,2012.0
54600.0,2946.0,2.0,3.5,2014.0
54600.0,2940.0,4.0,7.0,2015.0
54600.0,2934.0,1.0,2.0,2017.0
54600.0,2922.0,1.0,2.0,2018.0
54600.0,2874.0,2.0,3.5,2020.0
54600.0,2766.0,4.0,7.0,2021.0
55200.0,2688.0,1.0,2.0,2023.0
55200.0,2670.0,1.0,2.0,2024.0
55200.0,2640.0,1.0,2.0,2026.0
55200.0,2634.0,4.0,7.0,2027.0
55200.0,2604.0,8.0,14.0,2029.0
55200.0,2568.0,8.0,14.0,2030.0
55200.0,2538.0,8.0,14.0,2032.0
55200.0,2532.0,4.0,7.0,2033.0
55200.0,2532.0,1.0,2.0,2035.0
55200.0,2514.0,4.0,7.0,2036.0
55200.0,2508.0,1.0,2.0,2038.0
55200.0,2502.0,2.0,3.5,2039.0
55200.0,2496.0,4.0,7.0,2041.0
55200.0,2484.0,1.0,2.0,2042.0
55200.0,2484.0,8.0,14.0,2044.0
55800.0,2484.0,1.0,2.0,2045.0
55800.0,2484.0,1.0,2.0,2047.0
55800.0,2484.0,1.0,2.0,2048.0
55800.0,2478.0,2.0,3.5,2050.0
55800.0,2466.0,1.0,2.0,2051.0
55800.0,2454.0,2.0,3.5,2053.0
55800.0,2406.0,1.0,2.0,2054.0
55800.0,2388.0,1.0,2.0,2056.0
55800.0,2382.0,8.0,14.0,2057.0
55800.0,2364.0,1.0,2.0,2059.0
55800.0,2364.0,1.0,2.0,2060.0
55800.0,2334.0,2.0,3.5,2062.0
55800.0,2310.0,2.0,3.5,2063.0
55800.0,2298.0,1.0,2.0,2065.0
56400.0,2286.0,8.0,14.0,2066.0
56400.0,2274.0,1.0,2.0,2068.0
56400.0,2268.0,8.0,14.0,2069.0
56400.0,2256.0,8.0,14.0,2071.0
56400.0,2232.0,2.0,3.5,2072.0
56400.0,2220.0,8.0,14.0,2074.0
56400.0,2190.0,2.0,3.5,2075.0
56400.0,2178.0,1.0,2.0,2077.0
56400.0,2172.0,2.0,3.5,2078.0
56400.0,2160.0,1.0,2.0,2080.0
56400.0,2160.0,8.0,14.0,2081.0
56400.0,2154.0,2.0,3.5,2083.0
56400.0,2148.0,2.0,3.5,2084.0
56400.0,2136.0,8.0,14.0,2086.0
56400.0,2112.0,8.0,14.0,2087.0
56400.0,2100.0,2.0,3.5,2089.0
56400.0,2094.0,2.0,3.5,2090.0
56400.0,2076.0,8.0,14.0,2092.0
57000.0,2070.0,4.0,7.0,2093.0
57000.0,2070.0,1.0,2.0,2095.0
57000.0,2070.0,1.0,2.0,2096.0
57000.0,2046.0,1.0,2.0,2098.0
57000.0,2046.0,8.0,14.0,2099.0
57000.0,2034.0,1.0,2.0,2101.0
57000.0,2028.0,8.0,14.0,2102.0
57000.0,2022.0,1.0,2.0,2104.0
57000.0,2022.0,1.0,2.0,2105.0
57000.0,2010.0,8.0,14.0,2107.0
57000.0,2010.0,2.0,3.5,2108.0
57000.0,2004.0,1.0,2.0,2110.0
57000.0,2004.0,8.0,14.0,2111.0
57000.0,1998.0,1.0,2.0,2113.0
57000.0,1992.0,8.0,14.0,2114.0
57000.0,1980.0,4.0,7.0,2116.0
57600.0,1980.0,2.0,3.5,2117.0
57600.0,1974.0,8.0,14.0,2119.0
57600.0,1974.0,1.0,2.0,2120.0
57600.0,1962.0,1.0,2.0,2122.0
57600.0,1914.0,2.0,3.5,2123.0
57600.0,1896.0,2.0,3.5,2125.0
57600.0,1896.0,2.0,3.5,2126.0
57600.0,1890.0,4.0,7.0,2128.0
57600.0,1884.0,4.0,7.0,2129.0
57600.0,1866.0,1.0,2.0,2131.0
57600.0,1860.0,2.0,3.5,2132.0
57600.0,1854.0,8.0,14.0,2134.0
57600.0,1842.0,1.0,2.0,2135.0
57600.0,1836.0,8.0,14.0,2137.0
57600.0,1830.0,1.0,2.0,2138.0
57600.0,1812.0,2.0,3.5,2140.0
57600.0,1812.0,2.0,3.5,2141.0
58200.0,1800.0,2.0,3.5,2143.0
58200.0,1794.0,1.0,2.0,2144.0
58200.0,1752.0,2.0,3.5,2146.0
58200.0,1752.0,8.0,14.0,2147.0
58200.0,1716.0,1.0,2.0,2149.0
58200.0,1680.0,8.0,14.0,2150.0
58200.0,1674.0,2.0,3.5,2152.0
58200.0,1662.0,2.0,3.5,2153.0
58200.0,1656.0,2.0,3.5,2155.0
58200.0,1644.0,2.0,3.5,2156.0
58200.0,1626.0,1.0,2.0,2158.0
58200.0,1596.0,8.0,14.0,2159.0
58200.0,1584.0,1.0,2.0,2161.0
58200.0,1578.0,4.0,7.0,2162.0
58200.0,1560.0,4.0,7.0,2164.0
58200.0,1554.0,2.0,3.5,2165.0
58200.0,1554.0,1.0,2.0,2167.0
58200.0,1554.0,1.0,2.0,2168.0
58800.0,1518.0,2.0,3.5,2170.0
58800.0,1476.0,2.0,3.5,2171.0
58800.0,1410.0,2.0,3.5,2173.0
58800.0,1404.0,2.0,3.5,2174.0
58800.0,1374.0,4.0,7.0,2176.0
58800.0,1356.0,1.0,2.0,2177.0
58800.0,1338.0,2.0,3.5,2179.0
58800.0,1320.0,1.0,2.0,2180.0
58800.0,1296.0,4.0,7.0,2182.0
58800.0,1290.0,1.0,2.0,2183.0
58800.0,1290.0,1.0,2.0,2185.0
58800.0,1290.0,1.0,2.0,2186.0
58800.0,1272.0,4.0,7.0,2188.0
58800.0,1218.0,2.0,3.5,2189.0
58800.0,1194.0,1.0,2.0,2191.0
58800.0,1194.0,2.0,3.5,2192.0
58800.0,1188.0,1.0,2.0,2194.0
58800.0,1182.0,8.0,14.0,2195.0
58800.0,1170.0,8.0,14.0,2197.0
59400.0,1158.0,1.0,2.0,2198.0
59400.0,1146.0,2.0,3.5,2200.0
59400.0,1146.0,8.0,14.0,2201.0
59400.0,1140.0,1.0,2.0,2203.0
59400.0,1110.0,4.0,7.0,2204.0
59400.0,1092.0,1.0,2.0,2206.0
59400.0,1092.0,4.0,7.0,2207.0
59400.0,1056.0,1.0,2.0,2209.0
59400.0,1038.0,2.0,3.5,2210.0
59400.0,1026.0,8.0,14.0,2212.0
59400.0,1026.0,8.0,14.0,2213.0
59400.0,966.0,1.0,2.0,2215.0
59400.0,960.0,1.0,2.0,2216.0
59400.0,954.0,4.0,7.0,2218.0
59400.0,948.0,1.0,2.0,2219.0
59400.0,930.0,1.0,2.0,2221.0
59400.0,918.0,1.0,2.0,2222.0
59400.0,888.0,8.0,14.0,2224.0
59400.0,888.0,1.0,2.0,2225.0
59400.0,882.0,2.0,3.5,2227.0
59400.0,876.0,2.0,3.5,2228.0
60000.0,870.0,2.0,3.5,2230.0
60000.0,864.0,4.0,7.0,2231.0
60000.0,864.0,1.0,2.0,2233.0
60000.0,858.0,1.0,2.0,2234.0
60000.0,852.0,1.0,2.0,2236.0
60000.0,852.0,2.0,3.5,2237.0
60000.0,840.0,8.0,14.0,2239.0
60000.0,840.0,4.0,7.0,2240.0
60000.0,822.0,1.0,2.0,2242.0
60000.0,804.0,8.0,14.0,2243.0
60000.0,798.0,2.0,3.5,2245.0
60000.0,798.0,4.0,7.0,2246.0
60000.0,786.0,8.0,14.0,2248.0
60000.0,780.0,1.0,2.0,2249.0
60000.0,774.0,4.0,7.0,2251.0
60000.0,774.0,4.0,7.0,2252.0
60000.0,768.0,4.0,7.0,2254.0
60000.0,768.0,2.0,3.5,2255.0
60000.0,768.0,1.0,2.0,2257.0
60000.0,768.0,1.0,2.0,2258.0
60600.0,744.0,8.0,14.0,2260.0
60600.0,726.0,1.0,2.0,2261.0
60600.0,702.0,2.0,3.5,2263.0
60600.0,690.0,4.0,7.0,2264.0
60600.0,684.0,1.0,2.0,2266.0
60600.0,648.0,2.0,3.5,2267.0
60600.0,606.0,1.0,2.0,2269.0
60600.0,600.0,4.0,7.0,2270.0
60600.0,582.0,1.0,2.0,2272.0
60600.0,576.0,8.0,14.0,2273.0
60600.0,564.0,1.0,2.0,2275.0
60600.0,558.0,1.0,2.0,2276.0
60600.0,534.0,1.0,2.0,2278.0
60600.0,534.0,1.0,2.0,2279.0
60600.0,516.0,2.0,3.5,2281.0
60600.0,510.0,1.0,2.0,2282.0
60600.0,450.0,1.0,2.0,2284.0
60600.0,438.0,2.0,3.5,2285.0
60600.0,426.0,2.0,3.5,2287.0
60600.0,420.0,1.0,2.0,2288.0
61200.0,408.0,1.0,2.0,2290.0
61200.0,396.0,1.0,2.0,2291.0
61200.0,372.0,1.0,2.0,2293.0
61200.0,360.0,2.0,3.5,2294.0
61200.0,342.0,2.0,3.5,2296.0
61200.0,336.0,1.0,2.0,2297.0
61200.0,312.0,1.0,2.0,2299.0
61200.0,312.0,4.0,7.0,2300.0
61200.0,288.0,1.0,2.0,2302.0
61200.0,288.0,2.0,3.5,2303.0
61200.0,282.0,2.0,3.5,2305.0
61200.0,276.0,4.0,7.0,2306.0
61200.0,270.0,2.0,3.5,2308.0
61200.0,246.0,4.0,7.0,2309.0
61200.0,246.0,2.0,3.5,2311.0
61200.0,1074.0,1.0,2.0,2312.0
61200.0,1062.0,1.0,2.0,2314.0
61200.0,1056.0,2.0,3.5,2315.0
61200.0,1050.0,1.0,2.0,2317.0
61200.0,1048.0,8.0,14.0,2318.0
61800.0,1032.0,1.0,2.0,2320.0
61800.0,1026.0,2.0,3.5,2321.0
61800.0,1020.0,2.0,3.5,2323.0
61800.0,1014.0,2.0,3.5,2324.0
61800.0,1014.0,1.0,2.0,2326.0
61800.0,1008.0,1.0,2.0,2327.0
61800.0,996.0,8.0,14.0,2329.0
61800.0,988.0,1.0,2.0,2330.0
61800.0,978.0,2.0,3.5,2332.0
61800.0,976.0,1.0,2.0,2333.0
61800.0,972.0,4.0,7.0,2335.0
61800.0,960.0,8.0,14.0,2336.0
61800.0,948.0,1.0,2.0,2338.0
61800.0,944.0,1.0,2.0,2339.0
61800.0,924.0,8.0,14.0,2341.0
61800.0,918.0,2.0,3.5,2342.0
61800.0,916.0,1.0,2.0,2344.0
61800.0,912.0,1.0,2.0,2345.0
61800.0,900.0,8.0,14.0,2347.0
61800.0,900.0,1.0,2.0,2348.0
61800.0,882.0,1.0,2.0,2350.0
61800.0,882.0,1.0,2.0,2351.0
62400.0,870.0,1.0,2.0,2353.0
62400.0,870.0,2.0,3.5,2354.0
62400.0,870.0,2.0,3.5,2356.0
62400.0,868.0,2.0,3.5,2357.0
62400.0,864.0,8.0,14.0,2359.0
62400.0,848.0,2.0,3.5,2360.0
62400.0,844.0,2.0,3.5,2362.0
62400.0,840.0,1.0,2.0,2363.0
62400.0,834.0,2.0,3.5,2365.0
62400.0,834.0,4.0,7.0,2366.0
62400.0,834.0,2.0,3.5,2368.0
62400.0,828.0,1.0,2.0,2369.0
62400.0,822.0,1.0,2.0,2371.0
62400.0,822.0,2.0,3.5,2372.0
62400.0,816.0,2.0,3.5,2374.0
62400.0,816.0,1.0,2.0,2375.0
62400.0,816.0,1.0,2.0,2377.0
62400.0,816.0,4.0,7.0,2378.0
62400.0,810.0,1.0,2.0,2380.0
62400.0,804.0,1.0,2.0,2381.0
62400.0,798.0,2.0,3.5,2383.0
62400.0,798.0,2.0,3.5,2384.0
63000.0,792.0,2.0,3.5,2386.0
63000.0,786.0,2.0,3.5,2387.0
63000.0,780.0,2.0,3.5,2389.0
63000.0,780.0,8.0,14.0,2390.0
63000.0,776.0,1.0,2.0,2392.0
63000.0,768.0,8.0,14.0,2393.0
63000.0,764.0,2.0,3.5,2395.0
63000.0,762.0,1.0,2.0,2396.0
63000.0,760.0,4.0,7.0,2398.0
63000.0,756.0,8.0,14.0,2399.0
63000.0,750.0,8.0,14.0,2401.0
63000.0,748.0,1.0,2.0,2402.0
63000.0,740.0,4.0,7.0,2404.0
63000.0,738.0,2.0,3.5,2405.0
63000.0,732.0,1.0,2.0,2407.0
63000.0,732.0,1.0,2.0,2408.0
63000.0,726.0,2.0,3.5,2410.0
63000.0,724.0,1.0,2.0,2411.0
63000.0,720.0,1.0,2.0,2413.0
63000.0,714.0,2.0,3.5,2414.0
63000.0,714.0,1.0,2.0,2416.0
63000.0,714.0,1.0,2.0,2417.0
63600.0,708.0,2.0,3.5,2419.0
63600.0,702.0,2.0,3.5,2420.0
63600.0,700.0,2.0,3.5,2422.0
63600.0,700.0,1.0,2.0,2423.0
63600.0,696.0,8.0,14.0,2425.0
63600.0,690.0,2.0,3.5,2426.0
63600.0,684.0,2.0,3.5,2428.0
63600.0,678.0,8.0,14.0,2429.0
63600.0,666.0,2.0,3.5,2431.0
63600.0,666.0,8.0,14.0,2432.0
63600.0,660.0,4.0,7.0,2434.0
63600.0,660.0,2.0,3.5,2435.0
63600.0,654.0,8.0,14.0,2437.0
63600.0,654.0,2.0,3.5,2438.0
63600.0,652.0,2.0,3.5,2440.0
63600.0,648.0,2.0,3.5,2441.0
63600.0,642.0,4.0,7.0,2443.0
63600.0,642.0,1.0,2.0,2444.0
63600.0,642.0,4.0,7.0,2446.0
63600.0,636.0,2.0,3.5,2447.0
63600.0,630.0,2.0,3.5,2449.0
63600.0,618.0,1.0,2.0,2450.0
63600.0,612.0,8.0,14.0,2452.0
64200.0,612.0,1.0,2.0,2453.0
64200.0,588.0,8.0,14.0,2455.0
64200.0,588.0,1.0,2.0,2456.0
64200.0,588.0,8.0,14.0,2458.0
64200.0,588.0,1.0,2.0,2459.0
64200.0,584.0,1.0,2.0,2461.0
64200.0,582.0,4.0,7.0,2462.0
64200.0,580.0,8.0,14.0,2464.0
64200.0,576.0,2.0,3.5,2465.0
64200.0,570.0,2.0,3.5,2467.0
64200.0,570.0,8.0,14.0,2468.0
64200.0,564.0,1.0,2.0,2470.0
64200.0,564.0,1.0,2.0,2471.0
64200.0,552.0,2.0,3.5,2473.0
64200.0,552.0,4.0,7.0,2474.0
64200.0,544.0,2.0,3.5,2476.0
64200.0,540.0,1.0,2.0,2477.0
64200.0,534.0,1.0,2.0,2479.0
64200.0,534.0,1.0,2.0,2480.0
64200.0,534.0,2.0,3.5,2482.0
64200.0,534.0,1.0,2.0,2483.0
64200.0,528.0,8.0,14.0,2485.0
64800.0,528.0,2.0,3.5,2486.0
64800.0,522.0,1.0,2.0,2488.0
64800.0,516.0,4.0,7.0,2489.0
64800.0,516.0,2.0,3.5,2491.0
64800.0,510.0,4.0,7.0,2492.0
64800.0,510.0,1.0,2.0,2494.0
64800.0,510.0,1.0,2.0,2495.0
64800.0,498.0,8.0,14.0,2497.0
64800.0,498.0,1.0,2.0,2498.0
64800.0,498.0,8.0,14.0,2500.0
64800.0,498.0,1.0,2.0,2501.0
64800.0,496.0,8.0,14.0,2503.0
64800.0,492.0,1.0,2.0,2504.0
64800.0,492.0,8.0,14.0,2506.0
64800.0,486.0,2.0,3.5,2507.0
64800.0,486.0,8.0,14.0,2509.0
64800.0,484.0,1.0,2.0,2510.0
64800.0,480.0,2.0,3.5,2512.0
64800.0,480.0,2.0,3.5,2513.0
65400.0,480.0,2.0,3.5,2515.0
65400.0,480.0,8.0,14.0,2516.0
65400.0,480.0,2.0,3.5,2518.0
65400.0,480.0,1.0,2.0,2519.0
65400.0,476.0,4.0,7.0,2521.0
65400.0,474.0,4.0,7.0,2522.0
65400.0,472.0,1.0,2.0,2524.0
65400.0,472.0,4.0,7.0,2525.0
65400.0,462.0,8.0,14.0,2527.0
65400.0,462.0,2.0,3.5,2528.0
65400.0,456.0,2.0,3.5,2530.0
65400.0,450.0,8.0,14.0,2531.0
65400.0,450.0,2.0,3.5,2533.0
65400.0,450.0,8.0,14.0,2534.0
65400.0,448.0,1.0,2.0,2536.0
65400.0,444.0,2.0,3.5,2537.0
65400.0,444.0,1.0,2.0,2539.0
65400.0,438.0,2.0,3.5,2540.0
65400.0,438.0,1.0,2.0,2542.0
65400.0,438.0,8.0,14.0,2543.0
66000.0,436.0,1.0,2.0,2545.0
66000.0,432.0,2.0,3.5,2546.0
66000.0,432.0,1.0,2.0,2548.0
66000.0,432.0,1.0,2.0,2549.0
66000.0,428.0,8.0,14.0,2551.0
66000.0,428.0,2.0,3.5,2552.0
66000.0,426.0,4.0,7.0,2554.0
66000.0,420.0,2.0,3.5,2555.0
66000.0,420.0,8.0,14.0,2557.0
66000.0,420.0,2.0,3.5,2558.0
66000.0,414.0,2.0,3.5,2560.0
66000.0,414.0,1.0,2.0,2561.0
66000.0,408.0,2.0,3.5,2563.0
66000.0,408.0,4.0,7.0,2564.0
66000.0,408.0,8.0,14.0,2566.0
66000.0,396.0,1.0,2.0,2567.0
66000.0,396.0,1.0,2.0,2569.0
66000.0,396.0,2.0,3.5,2570.0
66000.0,396.0,2.0,3.5,2572.0
66600.0,392.0,4.0,7.0,2573.0
66600.0,392.0,1.0,2.0,2575.0
66600.0,392.0,1.0,2.0,2576.0
66600.0,390.0,8.0,14.0,2578.0
66600.0,390.0,8.0,14.0,2579.0
66600.0,388.0,1.0,2.0,2581.0
66600.0,384.0,1.0,2.0,2582.0
66600.0,378.0,8.0,14.0,2584.0
66600.0,378.0,1.0,2.0,2585.0
66600.0,372.0,1.0,2.0,2587.0
66600.0,372.0,1.0,2.0,2588.0
66600.0,366.0,2.0,3.5,2590.0
66600.0,366.0,8.0,14.0,2591.0
66600.0,366.0,1.0,2.0,2593.0
66600.0,366.0,1.0,2.0,2594.0
66600.0,366.0,2.0,3.5,2596.0
66600.0,364.0,4.0,7.0,2597.0
66600.0,360.0,1.0,2.0,2599.0
66600.0,360.0,1.0,2.0,2600.0
66600.0,360.0,2.0,3.5,2602.0
66600.0,360.0,1.0,2.0,2603.0
66600.0,354.0,4.0,7.0,2605.0
67200.0,354.0,4.0,7.0,2606.0
67200.0,354.0,2.0,3.5,2608.0
67200.0,354.0,2.0,3.5,2609.0
67200.0,348.0,8.0,14.0,2611.0
67200.0,348.0,1.0,2.0,2612.0
67200.0,348.0,2.0,3.5,2614.0
67200.0,348.0,2.0,3.5,2615.0
67200.0,342.0,1.0,2.0,2617.0
67200.0,342.0,2.0,3.5,2618.0
67200.0,340.0,2.0,3.5,2620.0
67200.0,336.0,8.0,14.0,2621.0
67200.0,332.0,2.0,3.5,2623.0
67200.0,332.0,1.0,2.0,2624.0
67200.0,330.0,2.0,3.5,2626.0
67200.0,330.0,1.0,2.0,2627.0
67200.0,330.0,4.0,7.0,2629.0
67200.0,330.0,2.0,3.5,2630.0
67800.0,324.0,1.0,2.0,2632.0
67800.0,320.0,1.0,2.0,2633.0
67800.0,318.0,1.0,2.0,2635.0
67800.0,318.0,2.0,3.5,2636.0
67800.0,318.0,4.0,7.0,2638.0
67800.0,318.0,2.0,3.5,2639.0
67800.0,316.0,2.0,3.5,2641.0
67800.0,312.0,2.0,3.5,2642.0
67800.0,312.0,2.0,3.5,2644.0
67800.0,312.0,1.0,2.0,2645.0
67800.0,312.0,2.0,3.5,2647.0
67800.0,312.0,8.0,14.0,2648.0
67800.0,306.0,8.0,14.0,2650.0
67800.0,306.0,8.0,14.0,2651.0
67800.0,300.0,1.0,2.0,2653.0
68400.0,300.0,4.0,7.0,2654.0
68400.0,296.0,1.0,2.0,2656.0
68400.0,294.0,4.0,7.0,2657.0
68400.0,292.0,1.0,2.0,2659.0
68400.0,288.0,2.0,3.5,2660.0
68400.0,288.0,2.0,3.5,2662.0
68400.0,284.0,8.0,14.0,2663.0
68400.0,282.0,4.0,7.0,2665.0
68400.0,282.0,2.0,3.5,2666.0
68400.0,282.0,1.0,2.0,2668.0
68400.0,282.0,1.0,2.0,2669.0
68400.0,276.0,1.0,2.0,2671.0
68400.0,276.0,1.0,2.0,2672.0
68400.0,276.0,1.0,2.0,2674.0
68400.0,276.0,2.0,3.5,2675.0
68400.0,270.0,2.0,3.5,2677.0
68400.0,268.0,4.0,7.0,2678.0
69000.0,264.0,2.0,3.5,2680.0
69000.0,264.0,4.0,7.0,2681.0
69000.0,264.0,2.0,3.5,2683.0
69000.0,264.0,1.0,2.0,2684.0
69000.0,264.0,2.0,3.5,2686.0
69000.0,264.0,4.0,7.0,2687.0
69000.0,258.0,2.0,3.5,2689.0
69000.0,258.0,1.0,2.0,2690.0
69000.0,258.0,1.0,2.0,2692.0
69000.0,258.0,1.0,2.0,2693.0
69000.0,252.0,2.0,3.5,2695.0
69000.0,246.0,8.0,14.0,2696.0
69000.0,244.0,1.0,2.0,2698.0
69000.0,240.0,8.0,14.0,2699.0
69000.0,576.0,8.0,14.0,2701.0
69000.0,606.0,1.0,2.0,2702.0
69000.0,624.0,2.0,3.5,2704.0
69000.0,612.0,8.0,14.0,2705.0
69000.0,642.0,1.0,2.0,2707.0
69000.0,696.0,2.0,3.5,2708.0
69000.0,696.0,1.0,2.0,2710.0
69000.0,744.0,2.0,3.5,2711.0
69000.0,810.0,4.0,7.0,2713.0
69000.0,786.0,2.0,3.5,2714.0
69000.0,834.0,1.0,2.0,2716.0
69600.0,894.0,4.0,7.0,2717.0
69600.0,930.0,1.0,2.0,2719.0
69600.0,912.0,4.0,7.0,2720.0
69600.0,960.0,1.0,2.0,2722.0
69600.0,1014.0,2.0,3.5,2723.0
69600.0,1038.0,1.0,2.0,2725.0
69600.0,1020.0,2.0,3.5,2726.0
69600.0,1080.0,8.0,14.0,2728.0
69600.0,300.0,1.0,2.0,2729.0
69600.0,372.0,2.0,3.5,2731.0
69600.0,342.0,2.0,3.5,2732.0
69600.0,390.0,2.0,3.5,2734.0
69600.0,462.0,4.0,7.0,2735.0
69600.0,492.0,2.0,3.5,2737.0
69600.0,476.0,2.0,3.5,2738.0
69600.0,564.0,1.0,2.0,2740.0
69600.0,612.0,8.0,14.0,2741.0
69600.0,636.0,8.0,14.0,2743.0
70200.0,624.0,1.0,2.0,2744.0
70200.0,654.0,1.0,2.0,2746.0
70200.0,714.0,1.0,2.0,2747.0
70200.0,732.0,4.0,7.0,2749.0
70200.0,732.0,8.0,14.0,2750.0
70200.0,738.0,2.0,3.5,2752.0
70200.0,768.0,2.0,3.5,2753.0
70200.0,816.0,2.0,3.5,2755.0
70200.0,798.0,1.0,2.0,2756.0
70200.0,834.0,2.0,3.5,2758.0
70200.0,900.0,2.0,3.5,2759.0
70200.0,924.0,2.0,3.5,2761.0
70200.0,912.0,1.0,2.0,2762.0
70200.0,936.0,2.0,3.5,2764.0
70200.0,984.0,2.0,3.5,2765.0
70800.0,1026.0,1.0,2.0,2767.0
71400.0,1002.0,1.0,2.0,2768.0
